Year,Anomaly,Region
185001,-1.23,africa
185002,-1.77,africa
185003,-1.19,africa
185004,-1.07,africa
185005,-1.24,africa
185006,-0.48,africa
185007,-0.41,africa
185008,-0.53,africa
185009,0.19,africa
185010,-0.7,africa
185011,-1.3,africa
185012,-0.41,africa
185101,-1.24,africa
185102,-0.71,africa
185103,-0.61,africa
185104,-0.62,africa
185105,-0.76,africa
185106,-0.21,africa
185107,0.15,africa
185108,-0.39,africa
185109,-0.81,africa
185110,-0.13,africa
185111,-1.42,africa
185112,-0.79,africa
185201,-0.88,africa
185202,-1.0,africa
185203,-0.88,africa
185204,-0.7,africa
185205,-0.62,africa
185206,-0.19,africa
185207,-0.06,africa
185208,0.29,africa
185209,0.33,africa
185210,0.12,africa
185211,-0.3,africa
185212,-0.92,africa
185301,-1.37,africa
185302,-0.23,africa
185303,-0.89,africa
185304,-0.7,africa
185305,-0.66,africa
185306,-0.87,africa
185307,-0.29,africa
185308,-0.46,africa
185309,-0.52,africa
185310,-0.4,africa
185311,-0.99,africa
185312,-0.81,africa
185401,-0.63,africa
185402,-1.2,africa
185403,-1.26,africa
185404,-1.29,africa
185405,-0.62,africa
185406,-0.61,africa
185407,-0.84,africa
185408,-0.98,africa
185409,-0.63,africa
185410,-0.53,africa
185411,-0.57,africa
185412,-0.8,africa
185501,-1.08,africa
185502,-0.57,africa
185503,-0.62,africa
185504,-1.09,africa
185505,-0.8,africa
185506,-0.91,africa
185507,-0.55,africa
185508,-1.04,africa
185509,-0.57,africa
185510,-0.47,africa
185511,-0.32,africa
185512,-0.85,africa
185601,-0.41,africa
185602,-0.53,africa
185603,-1.26,africa
185604,-1.35,africa
185605,-0.74,africa
185606,-0.67,africa
185607,-1.0,africa
185608,-1.18,africa
185609,-0.63,africa
185610,-1.03,africa
185611,-1.19,africa
185612,-1.35,africa
185701,-0.56,africa
185702,-1.52,africa
185703,-0.39,africa
185704,-0.07,africa
185705,-0.77,africa
185706,-0.39,africa
185707,-0.86,africa
185708,-0.92,africa
185709,-0.62,africa
185710,-0.59,africa
185711,-1.16,africa
185712,-1.27,africa
185801,-1.35,africa
185802,-0.94,africa
185803,0.12,africa
185804,-0.77,africa
185805,-1.48,africa
185806,-0.38,africa
185807,-1.19,africa
185808,-0.46,africa
185809,-1.24,africa
185810,-0.33,africa
185811,-0.81,africa
185812,-1.36,africa
185901,-1.47,africa
185902,-0.76,africa
185903,-0.83,africa
185904,0.1,africa
185905,0.53,africa
185906,-0.36,africa
185907,-0.92,africa
185908,-0.4,africa
185909,-0.68,africa
185910,-0.71,africa
185911,-1.23,africa
185912,-0.75,africa
186001,-0.99,africa
186002,-0.89,africa
186003,-0.16,africa
186004,-0.02,africa
186005,-1.25,africa
186006,-0.72,africa
186007,-1.25,africa
186008,-0.73,africa
186009,-0.62,africa
186010,-0.86,africa
186011,-0.79,africa
186012,-0.67,africa
186101,-1.04,africa
186102,-0.96,africa
186103,-0.83,africa
186104,-1.31,africa
186105,-1.13,africa
186106,-0.71,africa
186107,-0.64,africa
186108,-1.2,africa
186109,-0.16,africa
186110,-0.66,africa
186111,-0.43,africa
186112,-1.14,africa
186201,-1.28,africa
186202,-1.13,africa
186203,-0.86,africa
186204,-0.76,africa
186205,-1.12,africa
186206,-0.74,africa
186207,-0.84,africa
186208,-0.4,africa
186209,-0.84,africa
186210,-1.2,africa
186211,-0.84,africa
186212,-1.58,africa
186301,-0.97,africa
186302,-1.27,africa
186303,-0.36,africa
186304,-0.82,africa
186305,-1.14,africa
186306,-0.65,africa
186307,-0.77,africa
186308,-0.66,africa
186309,-0.69,africa
186310,-0.56,africa
186311,-0.77,africa
186312,-1.62,africa
186401,-1.02,africa
186402,-1.29,africa
186403,-0.4,africa
186404,-0.56,africa
186405,-0.49,africa
186406,-0.41,africa
186407,-0.3,africa
186408,-1.02,africa
186409,-1.04,africa
186410,-0.62,africa
186411,-0.32,africa
186412,-0.85,africa
186501,-0.04,africa
186502,-0.35,africa
186503,-0.42,africa
186504,-0.62,africa
186505,-0.92,africa
186506,-0.1,africa
186507,-0.22,africa
186508,-0.4,africa
186509,-0.93,africa
186510,-0.42,africa
186511,-0.99,africa
186512,-0.07,africa
186601,-0.75,africa
186602,0.01,africa
186603,-0.33,africa
186604,-0.01,africa
186605,-0.65,africa
186606,-0.5,africa
186607,-0.74,africa
186608,-0.59,africa
186609,-0.51,africa
186610,-0.79,africa
186611,-1.61,africa
186612,-0.67,africa
186701,0.18,africa
186702,-1.16,africa
186703,-0.07,africa
186704,-1.0,africa
186705,-0.7,africa
186706,-0.44,africa
186707,-0.48,africa
186708,-0.21,africa
186709,-0.76,africa
186710,-0.61,africa
186711,-0.59,africa
186712,-0.17,africa
186801,-0.15,africa
186802,-1.0,africa
186803,-0.21,africa
186804,-1.5,africa
186805,-0.86,africa
186806,-0.56,africa
186807,-0.6,africa
186808,0.15,africa
186809,-0.11,africa
186810,-0.1,africa
186811,-1.7,africa
186812,-0.23,africa
186901,-0.23,africa
186902,0.16,africa
186903,0.36,africa
186904,-0.37,africa
186905,-0.16,africa
186906,-0.05,africa
186907,-0.14,africa
186908,-0.34,africa
186909,-0.31,africa
186910,-0.24,africa
186911,-0.47,africa
186912,-0.07,africa
187001,-0.3,africa
187002,-0.36,africa
187003,-0.4,africa
187004,-0.87,africa
187005,-0.47,africa
187006,-0.28,africa
187007,-0.04,africa
187008,0.7,africa
187009,0.05,africa
187010,-0.75,africa
187011,-0.34,africa
187012,-0.02,africa
187101,0.21,africa
187102,-0.15,africa
187103,-0.38,africa
187104,0.12,africa
187105,-0.43,africa
187106,-0.08,africa
187107,-0.38,africa
187108,0.03,africa
187109,-0.65,africa
187110,-0.63,africa
187111,-0.24,africa
187112,0.72,africa
187201,-0.59,africa
187202,0.28,africa
187203,0.3,africa
187204,-0.39,africa
187205,-0.47,africa
187206,-0.33,africa
187207,-0.47,africa
187208,-0.04,africa
187209,0.04,africa
187210,-0.48,africa
187211,-0.94,africa
187212,-0.2,africa
187301,0.35,africa
187302,-0.22,africa
187303,-0.31,africa
187304,0.03,africa
187305,0.14,africa
187306,-0.02,africa
187307,-0.48,africa
187308,-0.28,africa
187309,0.16,africa
187310,-0.15,africa
187311,-0.05,africa
187312,-0.68,africa
187401,-0.32,africa
187402,-0.24,africa
187403,-0.85,africa
187404,-0.42,africa
187405,-0.8,africa
187406,-0.05,africa
187407,-1.4,africa
187408,-1.08,africa
187409,-0.61,africa
187410,-0.47,africa
187411,-0.21,africa
187412,0.3,africa
187501,-0.3,africa
187502,0.01,africa
187503,0.19,africa
187504,-0.45,africa
187505,-0.91,africa
187506,0.41,africa
187507,-0.59,africa
187508,-0.19,africa
187509,-0.86,africa
187510,-0.78,africa
187511,-1.39,africa
187512,-1.17,africa
187601,0.07,africa
187602,0.02,africa
187603,0.05,africa
187604,-0.22,africa
187605,-0.74,africa
187606,0.31,africa
187607,-0.65,africa
187608,-0.16,africa
187609,-0.29,africa
187610,0.28,africa
187611,-0.75,africa
187612,0.12,africa
187701,0.19,africa
187702,-0.2,africa
187703,-0.16,africa
187704,0.03,africa
187705,-0.09,africa
187706,0.38,africa
187707,0.63,africa
187708,0.06,africa
187709,0.75,africa
187710,0.26,africa
187711,-0.49,africa
187712,-0.24,africa
187801,0.63,africa
187802,-0.33,africa
187803,0.06,africa
187804,0.13,africa
187805,0.16,africa
187806,0.51,africa
187807,-0.18,africa
187808,-0.71,africa
187809,-0.29,africa
187810,-0.32,africa
187811,-0.34,africa
187812,-0.3,africa
187901,0.41,africa
187902,-0.04,africa
187903,-0.67,africa
187904,0.13,africa
187905,-0.56,africa
187906,-0.33,africa
187907,-1.08,africa
187908,-0.97,africa
187909,-0.29,africa
187910,-0.98,africa
187911,-0.58,africa
187912,-0.06,africa
188001,-0.26,africa
188002,-0.35,africa
188003,-1.01,africa
188004,0.09,africa
188005,-0.43,africa
188006,-0.1,africa
188007,0.31,africa
188008,-0.37,africa
188009,-0.38,africa
188010,-0.06,africa
188011,0.09,africa
188012,-0.05,africa
188101,1.97,africa
188102,0.28,africa
188103,0.02,africa
188104,-0.1,africa
188105,0.16,africa
188106,-0.11,africa
188107,0.5,africa
188108,0.21,africa
188109,-0.07,africa
188110,0.14,africa
188111,-0.11,africa
188112,0.5,africa
188201,0.03,africa
188202,-0.65,africa
188203,-0.54,africa
188204,-0.14,africa
188205,-0.04,africa
188206,-0.55,africa
188207,-0.51,africa
188208,-0.11,africa
188209,-0.22,africa
188210,-0.3,africa
188211,-0.83,africa
188212,0.03,africa
188301,0.21,africa
188302,-0.69,africa
188303,-0.34,africa
188304,0.23,africa
188305,0.41,africa
188306,0.75,africa
188307,-0.06,africa
188308,-0.78,africa
188309,-0.75,africa
188310,-1.1,africa
188311,-0.67,africa
188312,-0.99,africa
188401,-0.51,africa
188402,-0.03,africa
188403,-0.45,africa
188404,-0.14,africa
188405,-0.16,africa
188406,-0.4,africa
188407,-0.6,africa
188408,-1.24,africa
188409,-0.82,africa
188410,-0.74,africa
188411,-0.76,africa
188412,0.38,africa
188501,0.6,africa
188502,0.2,africa
188503,-0.74,africa
188504,-0.51,africa
188505,0.71,africa
188506,-0.31,africa
188507,0.45,africa
188508,1.05,africa
188509,-0.02,africa
188510,-0.23,africa
188511,-0.5,africa
188512,-0.21,africa
188601,0.39,africa
188602,0.54,africa
188603,-0.67,africa
188604,0.05,africa
188605,-0.52,africa
188606,-0.03,africa
188607,0.3,africa
188608,-0.04,africa
188609,-0.19,africa
188610,0.12,africa
188611,-0.46,africa
188612,-0.95,africa
188701,-0.55,africa
188702,-0.88,africa
188703,-0.42,africa
188704,-0.38,africa
188705,-0.29,africa
188706,-0.56,africa
188707,-0.41,africa
188708,0.67,africa
188709,-0.04,africa
188710,-0.23,africa
188711,-0.47,africa
188712,-0.47,africa
188801,0.21,africa
188802,0.24,africa
188803,0.41,africa
188804,-0.44,africa
188805,0.04,africa
188806,-0.11,africa
188807,0.73,africa
188808,0.1,africa
188809,-0.64,africa
188810,0.37,africa
188811,-0.22,africa
188812,-0.39,africa
188901,0.46,africa
188902,0.49,africa
188903,0.13,africa
188904,0.38,africa
188905,1.36,africa
188906,0.46,africa
188907,0.53,africa
188908,0.6,africa
188909,0.21,africa
188910,0.31,africa
188911,-0.48,africa
188912,-0.12,africa
189001,-1.12,africa
189002,-0.35,africa
189003,-0.86,africa
189004,-1.39,africa
189005,0.04,africa
189006,-0.75,africa
189007,-0.1,africa
189008,0.04,africa
189009,-0.84,africa
189010,-0.35,africa
189011,-0.19,africa
189012,-0.2,africa
189101,-0.17,africa
189102,-1.42,africa
189103,-0.66,africa
189104,-0.03,africa
189105,0.24,africa
189106,0.15,africa
189107,0.89,africa
189108,-0.12,africa
189109,0.0,africa
189110,0.27,africa
189111,-0.15,africa
189112,-0.53,africa
189201,-0.31,africa
189202,-0.14,africa
189203,0.11,africa
189204,-0.31,africa
189205,-0.69,africa
189206,-0.18,africa
189207,-0.4,africa
189208,-0.25,africa
189209,-0.27,africa
189210,-0.89,africa
189211,-0.31,africa
189212,-0.24,africa
189301,-0.03,africa
189302,-0.63,africa
189303,-1.51,africa
189304,-0.78,africa
189305,-0.66,africa
189306,-0.43,africa
189307,-0.52,africa
189308,-0.13,africa
189309,-0.54,africa
189310,-0.36,africa
189311,-0.32,africa
189312,0.05,africa
189401,0.16,africa
189402,-0.6,africa
189403,-0.33,africa
189404,-0.47,africa
189405,0.02,africa
189406,-0.75,africa
189407,0.14,africa
189408,0.29,africa
189409,-0.01,africa
189410,-0.03,africa
189411,0.05,africa
189412,-0.53,africa
189501,0.34,africa
189502,0.6,africa
189503,-0.26,africa
189504,0.2,africa
189505,0.03,africa
189506,-0.59,africa
189507,0.26,africa
189508,-0.05,africa
189509,-0.65,africa
189510,-0.48,africa
189511,-0.02,africa
189512,0.07,africa
189601,0.39,africa
189602,0.32,africa
189603,-0.01,africa
189604,-0.28,africa
189605,-0.63,africa
189606,0.21,africa
189607,0.39,africa
189608,0.03,africa
189609,-0.31,africa
189610,0.13,africa
189611,-0.01,africa
189612,0.31,africa
189701,0.27,africa
189702,-0.19,africa
189703,-0.34,africa
189704,0.15,africa
189705,-0.22,africa
189706,0.52,africa
189707,0.34,africa
189708,0.6,africa
189709,-0.06,africa
189710,0.0,africa
189711,0.14,africa
189712,0.1,africa
189801,-1.2,africa
189802,-0.88,africa
189803,0.26,africa
189804,-0.45,africa
189805,-0.1,africa
189806,-0.04,africa
189807,0.46,africa
189808,0.05,africa
189809,-0.12,africa
189810,0.62,africa
189811,-0.08,africa
189812,-0.11,africa
189901,-0.14,africa
189902,0.01,africa
189903,0.07,africa
189904,-0.15,africa
189905,-0.44,africa
189906,-0.33,africa
189907,0.38,africa
189908,0.48,africa
189909,0.7,africa
189910,0.18,africa
189911,-0.04,africa
189912,0.67,africa
190001,-0.12,africa
190002,0.38,africa
190003,0.1,africa
190004,-0.29,africa
190005,0.16,africa
190006,0.39,africa
190007,0.04,africa
190008,-0.03,africa
190009,-0.34,africa
190010,-0.08,africa
190011,0.03,africa
190012,0.13,africa
190101,0.22,africa
190102,0.48,africa
190103,0.68,africa
190104,0.69,africa
190105,0.04,africa
190106,0.25,africa
190107,-0.14,africa
190108,-0.04,africa
190109,-0.27,africa
190110,-0.16,africa
190111,-0.1,africa
190112,0.06,africa
190201,-0.57,africa
190202,0.2,africa
190203,0.19,africa
190204,0.41,africa
190205,0.16,africa
190206,0.24,africa
190207,0.58,africa
190208,0.58,africa
190209,-0.39,africa
190210,-0.09,africa
190211,0.14,africa
190212,0.4,africa
190301,0.09,africa
190302,-1.41,africa
190303,-0.26,africa
190304,0.15,africa
190305,0.17,africa
190306,-0.22,africa
190307,-0.37,africa
190308,-0.23,africa
190309,-0.57,africa
190310,-1.02,africa
190311,-0.61,africa
190312,-0.68,africa
190401,-0.32,africa
190402,-0.6,africa
190403,-0.44,africa
190404,-0.76,africa
190405,-0.96,africa
190406,-0.41,africa
190407,-0.55,africa
190408,-0.38,africa
190409,-0.34,africa
190410,-0.32,africa
190411,-0.13,africa
190412,-0.25,africa
190501,-0.53,africa
190502,-0.55,africa
190503,-0.35,africa
190504,-0.16,africa
190505,-0.39,africa
190506,-0.03,africa
190507,0.08,africa
190508,-0.29,africa
190509,-0.22,africa
190510,0.01,africa
190511,0.3,africa
190512,0.15,africa
190601,0.05,africa
190602,0.01,africa
190603,-0.03,africa
190604,-0.13,africa
190605,-0.24,africa
190606,-0.4,africa
190607,-0.31,africa
190608,-0.4,africa
190609,-0.05,africa
190610,-0.06,africa
190611,-0.25,africa
190612,-0.17,africa
190701,-0.21,africa
190702,-0.72,africa
190703,-0.95,africa
190704,-0.85,africa
190705,-0.5,africa
190706,-0.5,africa
190707,-0.36,africa
190708,-0.59,africa
190709,-0.44,africa
190710,-0.29,africa
190711,0.06,africa
190712,-0.57,africa
190801,-0.46,africa
190802,-0.69,africa
190803,-0.16,africa
190804,-0.54,africa
190805,-0.2,africa
190806,0.03,africa
190807,-0.1,africa
190808,-0.18,africa
190809,0.09,africa
190810,-0.08,africa
190811,-0.43,africa
190812,-0.62,africa
190901,-0.61,africa
190902,0.01,africa
190903,0.59,africa
190904,-0.63,africa
190905,-0.27,africa
190906,-0.55,africa
190907,-0.4,africa
190908,-0.23,africa
190909,-0.25,africa
190910,-0.19,africa
190911,0.2,africa
190912,0.05,africa
191001,-0.6,africa
191002,0.08,africa
191003,-0.75,africa
191004,-0.07,africa
191005,-0.3,africa
191006,-0.31,africa
191007,-0.18,africa
191008,-0.13,africa
191009,-0.42,africa
191010,-0.54,africa
191011,-0.55,africa
191012,-0.48,africa
191101,-0.33,africa
191102,-0.66,africa
191103,-0.26,africa
191104,-0.46,africa
191105,-0.66,africa
191106,-0.69,africa
191107,-0.61,africa
191108,-0.67,africa
191109,-0.29,africa
191110,-0.15,africa
191111,-0.22,africa
191112,-0.08,africa
191201,-0.06,africa
191202,0.02,africa
191203,-0.27,africa
191204,-0.03,africa
191205,0.23,africa
191206,-0.32,africa
191207,-0.32,africa
191208,-0.33,africa
191209,-0.5,africa
191210,-0.53,africa
191211,-0.45,africa
191212,-0.68,africa
191301,0.06,africa
191302,-0.27,africa
191303,-0.81,africa
191304,-0.58,africa
191305,-0.34,africa
191306,-0.32,africa
191307,0.09,africa
191308,0.0,africa
191309,0.27,africa
191310,-0.12,africa
191311,-0.44,africa
191312,-0.3,africa
191401,0.36,africa
191402,-0.43,africa
191403,-0.05,africa
191404,-0.16,africa
191405,0.17,africa
191406,-0.02,africa
191407,-0.22,africa
191408,-0.38,africa
191409,-0.09,africa
191410,0.16,africa
191411,0.48,africa
191412,-0.44,africa
191501,-0.2,africa
191502,-0.38,africa
191503,0.58,africa
191504,-0.06,africa
191505,0.02,africa
191506,-0.23,africa
191507,0.11,africa
191508,0.07,africa
191509,-0.22,africa
191510,0.03,africa
191511,0.27,africa
191512,-0.45,africa
191601,-0.96,africa
191602,-0.03,africa
191603,0.3,africa
191604,-0.03,africa
191605,-0.53,africa
191606,-0.27,africa
191607,-0.27,africa
191608,-0.82,africa
191609,-0.5,africa
191610,-0.5,africa
191611,-0.46,africa
191612,-0.24,africa
191701,0.03,africa
191702,-0.39,africa
191703,-1.2,africa
191704,-0.75,africa
191705,-0.53,africa
191706,-0.61,africa
191707,-0.4,africa
191708,-0.48,africa
191709,-0.79,africa
191710,-0.82,africa
191711,-0.75,africa
191712,-0.56,africa
191801,-0.88,africa
191802,-0.97,africa
191803,-0.68,africa
191804,-0.75,africa
191805,-0.74,africa
191806,-0.59,africa
191807,-0.23,africa
191808,-0.73,africa
191809,0.1,africa
191810,-0.15,africa
191811,0.09,africa
191812,-0.87,africa
191901,0.32,africa
191902,0.18,africa
191903,0.42,africa
191904,0.43,africa
191905,-0.58,africa
191906,-0.37,africa
191907,-0.2,africa
191908,-0.45,africa
191909,-0.27,africa
191910,0.05,africa
191911,-0.42,africa
191912,-0.78,africa
192001,0.11,africa
192002,-0.37,africa
192003,-0.9,africa
192004,-0.04,africa
192005,-0.31,africa
192006,-0.47,africa
192007,-0.32,africa
192008,-0.42,africa
192009,-0.37,africa
192010,-0.08,africa
192011,-0.3,africa
192012,-0.55,africa
192101,-0.69,africa
192102,-0.34,africa
192103,-0.46,africa
192104,-0.3,africa
192105,-0.5,africa
192106,-0.24,africa
192107,-0.24,africa
192108,-0.39,africa
192109,-0.24,africa
192110,-0.14,africa
192111,-0.4,africa
192112,-0.22,africa
192201,0.06,africa
192202,-0.32,africa
192203,0.1,africa
192204,0.39,africa
192205,-0.43,africa
192206,-0.04,africa
192207,-0.23,africa
192208,-0.46,africa
192209,-0.29,africa
192210,-0.12,africa
192211,0.06,africa
192212,-0.52,africa
192301,-0.36,africa
192302,-0.56,africa
192303,-0.31,africa
192304,-0.6,africa
192305,-0.38,africa
192306,-0.12,africa
192307,-0.59,africa
192308,-0.53,africa
192309,-0.31,africa
192310,-0.4,africa
192311,-0.02,africa
192312,-0.4,africa
192401,0.13,africa
192402,0.17,africa
192403,0.56,africa
192404,0.2,africa
192405,0.19,africa
192406,0.24,africa
192407,-0.31,africa
192408,-0.42,africa
192409,-0.22,africa
192410,-0.26,africa
192411,-0.83,africa
192412,-0.33,africa
192501,-1.43,africa
192502,-0.76,africa
192503,-0.16,africa
192504,-0.1,africa
192505,-0.15,africa
192506,-0.22,africa
192507,0.07,africa
192508,-0.08,africa
192509,-0.1,africa
192510,0.15,africa
192511,0.11,africa
192512,0.18,africa
192601,0.3,africa
192602,0.26,africa
192603,-0.02,africa
192604,0.3,africa
192605,-0.23,africa
192606,0.07,africa
192607,-0.44,africa
192608,-0.3,africa
192609,-0.02,africa
192610,-0.01,africa
192611,-0.04,africa
192612,-0.28,africa
192701,0.02,africa
192702,-0.39,africa
192703,-0.53,africa
192704,-0.31,africa
192705,-0.04,africa
192706,-0.13,africa
192707,0.1,africa
192708,-0.23,africa
192709,0.22,africa
192710,0.32,africa
192711,0.38,africa
192712,0.65,africa
192801,0.23,africa
192802,-0.6,africa
192803,0.34,africa
192804,0.18,africa
192805,0.1,africa
192806,-0.07,africa
192807,-0.24,africa
192808,-0.3,africa
192809,0.23,africa
192810,0.05,africa
192811,0.1,africa
192812,-0.35,africa
192901,-0.23,africa
192902,0.04,africa
192903,-0.21,africa
192904,-0.46,africa
192905,0.01,africa
192906,-0.23,africa
192907,-0.49,africa
192908,-0.49,africa
192909,0.08,africa
192910,-0.38,africa
192911,-0.12,africa
192912,-0.7,africa
193001,-0.76,africa
193002,0.03,africa
193003,-0.26,africa
193004,-0.47,africa
193005,-0.46,africa
193006,-0.43,africa
193007,0.03,africa
193008,-0.29,africa
193009,-0.33,africa
193010,-0.23,africa
193011,-0.16,africa
193012,0.56,africa
193101,0.42,africa
193102,0.38,africa
193103,0.5,africa
193104,0.32,africa
193105,0.4,africa
193106,-0.02,africa
193107,0.26,africa
193108,0.57,africa
193109,0.16,africa
193110,0.18,africa
193111,-0.01,africa
193112,0.08,africa
193201,-0.14,africa
193202,-0.11,africa
193203,0.17,africa
193204,0.25,africa
193205,-0.22,africa
193206,-0.06,africa
193207,-0.44,africa
193208,-0.43,africa
193209,-0.14,africa
193210,0.38,africa
193211,0.23,africa
193212,-0.07,africa
193301,0.18,africa
193302,0.52,africa
193303,0.06,africa
193304,-0.12,africa
193305,-0.05,africa
193306,-0.02,africa
193307,-0.05,africa
193308,-0.23,africa
193309,-0.48,africa
193310,-0.13,africa
193311,0.2,africa
193312,0.08,africa
193401,-0.75,africa
193402,-0.87,africa
193403,-0.7,africa
193404,0.09,africa
193405,-0.06,africa
193406,0.16,africa
193407,0.4,africa
193408,0.37,africa
193409,0.03,africa
193410,0.27,africa
193411,0.08,africa
193412,0.2,africa
193501,0.02,africa
193502,-0.61,africa
193503,-0.11,africa
193504,-0.56,africa
193505,-0.21,africa
193506,-0.3,africa
193507,-0.17,africa
193508,-0.3,africa
193509,-0.1,africa
193510,-0.07,africa
193511,-0.24,africa
193512,0.3,africa
193601,-0.07,africa
193602,0.63,africa
193603,0.01,africa
193604,-0.02,africa
193605,-0.24,africa
193606,-0.29,africa
193607,-0.24,africa
193608,-0.17,africa
193609,-0.52,africa
193610,0.07,africa
193611,0.26,africa
193612,-0.2,africa
193701,-0.3,africa
193702,0.04,africa
193703,0.14,africa
193704,-0.05,africa
193705,-0.05,africa
193706,-0.17,africa
193707,-0.15,africa
193708,0.02,africa
193709,0.26,africa
193710,0.2,africa
193711,0.26,africa
193712,-0.15,africa
193801,-0.09,africa
193802,-0.24,africa
193803,-0.87,africa
193804,0.28,africa
193805,0.02,africa
193806,-0.23,africa
193807,-0.22,africa
193808,-0.1,africa
193809,-0.16,africa
193810,-0.24,africa
193811,-0.54,africa
193812,0.04,africa
193901,0.1,africa
193902,-0.49,africa
193903,-0.53,africa
193904,-0.82,africa
193905,-0.11,africa
193906,-0.33,africa
193907,0.09,africa
193908,-0.01,africa
193909,0.1,africa
193910,0.3,africa
193911,-0.13,africa
193912,0.64,africa
194001,0.33,africa
194002,0.12,africa
194003,-0.26,africa
194004,-0.07,africa
194005,0.25,africa
194006,0.04,africa
194007,-0.03,africa
194008,0.06,africa
194009,0.14,africa
194010,0.33,africa
194011,-0.19,africa
194012,0.09,africa
194101,0.64,africa
194102,0.55,africa
194103,0.6,africa
194104,0.47,africa
194105,0.3,africa
194106,0.14,africa
194107,0.39,africa
194108,0.52,africa
194109,0.02,africa
194110,0.31,africa
194111,0.34,africa
194112,0.06,africa
194201,0.15,africa
194202,0.64,africa
194203,0.22,africa
194204,0.52,africa
194205,0.02,africa
194206,0.38,africa
194207,0.0,africa
194208,-0.2,africa
194209,-0.05,africa
194210,-0.14,africa
194211,0.33,africa
194212,0.12,africa
194301,-0.03,africa
194302,-0.52,africa
194303,-0.45,africa
194304,-0.56,africa
194305,-0.45,africa
194306,-0.53,africa
194307,-0.2,africa
194308,-0.41,africa
194309,-0.33,africa
194310,0.38,africa
194311,-0.07,africa
194312,0.33,africa
194401,-0.46,africa
194402,-0.33,africa
194403,-0.38,africa
194404,-0.07,africa
194405,-0.4,africa
194406,0.18,africa
194407,0.11,africa
194408,0.18,africa
194409,-0.2,africa
194410,0.26,africa
194411,0.19,africa
194412,0.4,africa
194501,0.23,africa
194502,-0.44,africa
194503,-0.54,africa
194504,0.28,africa
194505,-0.31,africa
194506,-0.29,africa
194507,-0.01,africa
194508,0.09,africa
194509,-0.03,africa
194510,-0.21,africa
194511,0.21,africa
194512,-0.03,africa
194601,0.39,africa
194602,-0.1,africa
194603,-0.02,africa
194604,-0.07,africa
194605,0.04,africa
194606,-0.16,africa
194607,-0.14,africa
194608,-0.45,africa
194609,-0.01,africa
194610,-0.07,africa
194611,0.36,africa
194612,-0.05,africa
194701,0.06,africa
194702,0.85,africa
194703,0.33,africa
194704,-0.01,africa
194705,-0.19,africa
194706,0.05,africa
194707,-0.09,africa
194708,0.1,africa
194709,-0.07,africa
194710,0.05,africa
194711,0.17,africa
194712,0.11,africa
194801,-0.2,africa
194802,0.15,africa
194803,-0.79,africa
194804,-0.21,africa
194805,0.18,africa
194806,-0.24,africa
194807,-0.04,africa
194808,-0.11,africa
194809,-0.26,africa
194810,-0.25,africa
194811,-0.46,africa
194812,-0.2,africa
194901,0.09,africa
194902,-0.7,africa
194903,-0.1,africa
194904,-0.29,africa
194905,0.15,africa
194906,0.2,africa
194907,0.12,africa
194908,0.02,africa
194909,-0.13,africa
194910,0.0,africa
194911,0.39,africa
194912,0.24,africa
195001,-0.11,africa
195002,-0.32,africa
195003,-0.33,africa
195004,-0.19,africa
195005,-0.38,africa
195006,0.05,africa
195007,-0.19,africa
195008,-0.47,africa
195009,-0.15,africa
195010,-0.47,africa
195011,-0.27,africa
195012,0.11,africa
195101,-0.31,africa
195102,-0.18,africa
195103,0.41,africa
195104,-0.16,africa
195105,-0.01,africa
195106,-0.14,africa
195107,-0.11,africa
195108,0.13,africa
195109,0.02,africa
195110,0.09,africa
195111,-0.24,africa
195112,-0.55,africa
195201,0.16,africa
195202,-0.19,africa
195203,0.26,africa
195204,-0.12,africa
195205,0.06,africa
195206,0.2,africa
195207,0.09,africa
195208,-0.04,africa
195209,-0.01,africa
195210,0.26,africa
195211,-0.26,africa
195212,0.15,africa
195301,0.26,africa
195302,0.26,africa
195303,-0.42,africa
195304,-0.02,africa
195305,0.21,africa
195306,-0.36,africa
195307,-0.28,africa
195308,-0.29,africa
195309,-0.44,africa
195310,-0.02,africa
195311,-0.16,africa
195312,-0.24,africa
195401,-0.33,africa
195402,0.18,africa
195403,0.0,africa
195404,-0.54,africa
195405,0.0,africa
195406,-0.47,africa
195407,-0.66,africa
195408,-0.55,africa
195409,-0.42,africa
195410,-0.23,africa
195411,0.08,africa
195412,-0.06,africa
195501,0.48,africa
195502,0.37,africa
195503,-0.02,africa
195504,-0.43,africa
195505,0.02,africa
195506,-0.16,africa
195507,-0.06,africa
195508,-0.26,africa
195509,-0.24,africa
195510,-0.07,africa
195511,0.19,africa
195512,-0.34,africa
195601,-0.19,africa
195602,0.24,africa
195603,-0.14,africa
195604,-0.53,africa
195605,-0.36,africa
195606,-0.29,africa
195607,-0.39,africa
195608,-0.27,africa
195609,-0.46,africa
195610,-0.55,africa
195611,-0.12,africa
195612,-0.61,africa
195701,-0.56,africa
195702,-0.41,africa
195703,-0.4,africa
195704,-0.51,africa
195705,-0.32,africa
195706,-0.28,africa
195707,0.06,africa
195708,0.09,africa
195709,0.24,africa
195710,-0.02,africa
195711,0.61,africa
195712,0.25,africa
195801,0.62,africa
195802,0.12,africa
195803,0.49,africa
195804,0.59,africa
195805,0.14,africa
195806,-0.07,africa
195807,-0.2,africa
195808,-0.18,africa
195809,0.07,africa
195810,-0.09,africa
195811,0.49,africa
195812,0.74,africa
195901,0.28,africa
195902,-0.52,africa
195903,0.14,africa
195904,0.23,africa
195905,0.18,africa
195906,0.2,africa
195907,0.07,africa
195908,-0.2,africa
195909,-0.19,africa
195910,-0.13,africa
195911,-0.02,africa
195912,-0.02,africa
196001,-0.06,africa
196002,0.52,africa
196003,-0.13,africa
196004,-0.25,africa
196005,-0.24,africa
196006,0.01,africa
196007,-0.25,africa
196008,0.51,africa
196009,0.06,africa
196010,0.53,africa
196011,-0.01,africa
196012,0.79,africa
196101,0.28,africa
196102,-0.71,africa
196103,-0.51,africa
196104,0.22,africa
196105,0.49,africa
196106,0.34,africa
196107,-0.03,africa
196108,-0.41,africa
196109,-0.43,africa
196110,-0.36,africa
196111,-0.23,africa
196112,-0.35,africa
196201,-0.14,africa
196202,-0.36,africa
196203,0.27,africa
196204,-0.09,africa
196205,-0.25,africa
196206,-0.03,africa
196207,0.09,africa
196208,-0.08,africa
196209,-0.04,africa
196210,0.13,africa
196211,0.62,africa
196212,0.17,africa
196301,0.53,africa
196302,0.77,africa
196303,-0.41,africa
196304,-0.26,africa
196305,-0.63,africa
196306,-0.04,africa
196307,0.17,africa
196308,0.07,africa
196309,0.35,africa
196310,0.01,africa
196311,-0.09,africa
196312,0.44,africa
196401,0.04,africa
196402,0.16,africa
196403,0.84,africa
196404,-0.22,africa
196405,-0.22,africa
196406,-0.32,africa
196407,-0.63,africa
196408,-0.41,africa
196409,-0.71,africa
196410,-0.53,africa
196411,-0.55,africa
196412,-0.09,africa
196501,-0.03,africa
196502,0.13,africa
196503,-0.09,africa
196504,-0.72,africa
196505,-0.4,africa
196506,-0.33,africa
196507,0.03,africa
196508,-0.13,africa
196509,-0.12,africa
196510,-0.26,africa
196511,-0.29,africa
196512,-0.2,africa
196601,0.65,africa
196602,0.25,africa
196603,-0.24,africa
196604,-0.11,africa
196605,-0.07,africa
196606,0.16,africa
196607,0.39,africa
196608,0.34,africa
196609,-0.08,africa
196610,0.06,africa
196611,0.11,africa
196612,-0.04,africa
196701,-0.52,africa
196702,-0.04,africa
196703,-0.43,africa
196704,-0.04,africa
196705,-0.01,africa
196706,-0.08,africa
196707,-0.4,africa
196708,-0.25,africa
196709,-0.24,africa
196710,-0.37,africa
196711,-0.44,africa
196712,-0.33,africa
196801,-0.46,africa
196802,-0.03,africa
196803,-0.53,africa
196804,-0.46,africa
196805,-0.31,africa
196806,-0.5,africa
196807,-0.02,africa
196808,0.37,africa
196809,0.06,africa
196810,-0.18,africa
196811,-0.23,africa
196812,0.34,africa
196901,0.32,africa
196902,1.23,africa
196903,1.21,africa
196904,0.1,africa
196905,0.22,africa
196906,0.4,africa
196907,-0.07,africa
196908,0.21,africa
196909,0.26,africa
196910,0.05,africa
196911,0.36,africa
196912,0.25,africa
197001,0.88,africa
197002,0.56,africa
197003,0.12,africa
197004,0.08,africa
197005,0.19,africa
197006,0.23,africa
197007,0.08,africa
197008,0.16,africa
197009,-0.01,africa
197010,-0.25,africa
197011,-0.08,africa
197012,-0.32,africa
197101,-0.14,africa
197102,-0.25,africa
197103,0.36,africa
197104,-0.2,africa
197105,-0.15,africa
197106,-0.08,africa
197107,-0.11,africa
197108,-0.27,africa
197109,-0.2,africa
197110,-0.57,africa
197111,-0.55,africa
197112,-0.36,africa
197201,-0.06,africa
197202,-0.15,africa
197203,-0.16,africa
197204,-0.18,africa
197205,-0.33,africa
197206,-0.21,africa
197207,0.44,africa
197208,0.27,africa
197209,0.49,africa
197210,0.45,africa
197211,-0.29,africa
197212,0.41,africa
197301,0.5,africa
197302,0.76,africa
197303,0.35,africa
197304,0.41,africa
197305,0.51,africa
197306,0.54,africa
197307,0.49,africa
197308,0.18,africa
197309,0.24,africa
197310,0.06,africa
197311,-0.45,africa
197312,-0.26,africa
197401,-0.47,africa
197402,-0.17,africa
197403,-0.33,africa
197404,-0.23,africa
197405,-0.2,africa
197406,0.14,africa
197407,-0.38,africa
197408,-0.05,africa
197409,-0.27,africa
197410,-0.05,africa
197411,-0.56,africa
197412,-0.64,africa
197501,-0.63,africa
197502,0.04,africa
197503,-0.25,africa
197504,0.09,africa
197505,-0.09,africa
197506,-0.08,africa
197507,-0.21,africa
197508,-0.23,africa
197509,-0.23,africa
197510,-0.39,africa
197511,-0.32,africa
197512,0.0,africa
197601,-0.47,africa
197602,-0.27,africa
197603,-0.57,africa
197604,-0.44,africa
197605,-0.33,africa
197606,-0.25,africa
197607,-0.12,africa
197608,-0.26,africa
197609,0.07,africa
197610,0.04,africa
197611,-0.16,africa
197612,0.56,africa
197701,0.52,africa
197702,0.26,africa
197703,-0.26,africa
197704,-0.08,africa
197705,0.11,africa
197706,0.15,africa
197707,0.35,africa
197708,0.35,africa
197709,0.19,africa
197710,-0.01,africa
197711,-0.09,africa
197712,0.03,africa
197801,0.25,africa
197802,0.83,africa
197803,0.16,africa
197804,0.12,africa
197805,0.21,africa
197806,-0.19,africa
197807,-0.25,africa
197808,0.3,africa
197809,0.0,africa
197810,-0.03,africa
197811,-0.57,africa
197812,0.54,africa
197901,1.04,africa
197902,0.77,africa
197903,0.64,africa
197904,0.24,africa
197905,0.15,africa
197906,0.04,africa
197907,0.14,africa
197908,0.6,africa
197909,0.28,africa
197910,0.47,africa
197911,0.14,africa
197912,-0.25,africa
198001,0.69,africa
198002,0.47,africa
198003,0.47,africa
198004,0.49,africa
198005,0.36,africa
198006,0.27,africa
198007,0.13,africa
198008,0.37,africa
198009,0.24,africa
198010,0.32,africa
198011,0.4,africa
198012,-0.17,africa
198101,-0.5,africa
198102,-0.03,africa
198103,0.55,africa
198104,0.35,africa
198105,0.13,africa
198106,0.22,africa
198107,0.06,africa
198108,0.1,africa
198109,-0.03,africa
198110,0.34,africa
198111,-0.24,africa
198112,0.67,africa
198201,0.57,africa
198202,-0.1,africa
198203,-0.03,africa
198204,0.08,africa
198205,-0.16,africa
198206,0.29,africa
198207,0.44,africa
198208,0.19,africa
198209,0.43,africa
198210,0.05,africa
198211,-0.54,africa
198212,-0.17,africa
198301,-0.84,africa
198302,0.65,africa
198303,0.25,africa
198304,0.73,africa
198305,0.97,africa
198306,0.56,africa
198307,0.79,africa
198308,0.5,africa
198309,0.62,africa
198310,-0.14,africa
198311,0.6,africa
198312,0.25,africa
198401,-0.27,africa
198402,0.06,africa
198403,0.64,africa
198404,0.46,africa
198405,0.63,africa
198406,0.06,africa
198407,0.09,africa
198408,0.52,africa
198409,0.44,africa
198410,0.29,africa
198411,-0.06,africa
198412,-0.13,africa
198501,0.84,africa
198502,0.16,africa
198503,0.52,africa
198504,-0.36,africa
198505,0.14,africa
198506,0.41,africa
198507,0.04,africa
198508,0.35,africa
198509,0.09,africa
198510,0.14,africa
198511,0.35,africa
198512,0.05,africa
198601,-0.12,africa
198602,0.66,africa
198603,0.4,africa
198604,0.54,africa
198605,0.24,africa
198606,0.28,africa
198607,0.16,africa
198608,0.61,africa
198609,0.26,africa
198610,0.0,africa
198611,-0.28,africa
198612,-0.45,africa
198701,0.53,africa
198702,0.87,africa
198703,0.66,africa
198704,0.42,africa
198705,1.11,africa
198706,0.3,africa
198707,1.01,africa
198708,0.98,africa
198709,0.74,africa
198710,0.39,africa
198711,0.73,africa
198712,0.98,africa
198801,0.61,africa
198802,0.86,africa
198803,0.72,africa
198804,0.98,africa
198805,0.77,africa
198806,0.61,africa
198807,0.53,africa
198808,0.48,africa
198809,0.25,africa
198810,-0.01,africa
198811,0.06,africa
198812,-0.47,africa
198901,-1.02,africa
198902,-0.82,africa
198903,-0.2,africa
198904,0.05,africa
198905,0.28,africa
198906,0.31,africa
198907,0.23,africa
198908,0.57,africa
198909,0.6,africa
198910,0.06,africa
198911,0.38,africa
198912,0.69,africa
199001,0.35,africa
199002,0.09,africa
199003,0.07,africa
199004,0.76,africa
199005,0.46,africa
199006,0.75,africa
199007,0.36,africa
199008,0.52,africa
199009,0.47,africa
199010,0.75,africa
199011,1.01,africa
199012,1.02,africa
199101,0.34,africa
199102,0.65,africa
199103,0.45,africa
199104,0.38,africa
199105,0.17,africa
199106,0.46,africa
199107,0.35,africa
199108,0.27,africa
199109,0.46,africa
199110,0.15,africa
199111,0.17,africa
199112,-0.4,africa
199201,-0.14,africa
199202,0.11,africa
199203,0.26,africa
199204,0.38,africa
199205,0.12,africa
199206,0.32,africa
199207,0.04,africa
199208,0.02,africa
199209,0.19,africa
199210,0.31,africa
199211,-0.07,africa
199212,0.34,africa
199301,-0.21,africa
199302,-0.33,africa
199303,0.18,africa
199304,0.34,africa
199305,0.41,africa
199306,0.49,africa
199307,0.54,africa
199308,0.56,africa
199309,0.64,africa
199310,0.95,africa
199311,0.98,africa
199312,0.78,africa
199401,0.37,africa
199402,-0.04,africa
199403,0.6,africa
199404,0.61,africa
199405,0.63,africa
199406,0.22,africa
199407,0.07,africa
199408,0.38,africa
199409,0.33,africa
199410,0.34,africa
199411,0.25,africa
199412,-0.06,africa
199501,0.02,africa
199502,0.34,africa
199503,0.65,africa
199504,0.24,africa
199505,0.61,africa
199506,0.85,africa
199507,0.73,africa
199508,1.06,africa
199509,0.85,africa
199510,0.55,africa
199511,0.27,africa
199512,0.74,africa
199601,1.08,africa
199602,0.74,africa
199603,0.5,africa
199604,0.22,africa
199605,0.83,africa
199606,0.22,africa
199607,0.29,africa
199608,0.59,africa
199609,0.61,africa
199610,0.27,africa
199611,0.07,africa
199612,0.67,africa
199701,0.64,africa
199702,-0.26,africa
199703,-0.06,africa
199704,-0.19,africa
199705,0.18,africa
199706,0.9,africa
199707,0.74,africa
199708,0.8,africa
199709,0.92,africa
199710,0.72,africa
199711,0.79,africa
199712,0.7,africa
199801,0.54,africa
199802,1.3,africa
199803,0.53,africa
199804,1.71,africa
199805,1.07,africa
199806,0.95,africa
199807,1.05,africa
199808,0.92,africa
199809,0.91,africa
199810,0.61,africa
199811,0.6,africa
199812,0.56,africa
199901,0.52,africa
199902,0.58,africa
199903,0.69,africa
199904,0.68,africa
199905,0.84,africa
199906,0.83,africa
199907,0.61,africa
199908,0.57,africa
199909,0.54,africa
199910,0.36,africa
199911,0.55,africa
199912,0.3,africa
200001,0.34,africa
200002,-0.31,africa
200003,0.14,africa
200004,0.95,africa
200005,0.62,africa
200006,0.56,africa
200007,0.6,africa
200008,0.46,africa
200009,0.61,africa
200010,0.22,africa
200011,0.46,africa
200012,0.4,africa
200101,0.28,africa
200102,-0.13,africa
200103,1.1,africa
200104,0.7,africa
200105,0.61,africa
200106,0.44,africa
200107,0.61,africa
200108,0.87,africa
200109,0.85,africa
200110,0.6,africa
200111,0.5,africa
200112,0.95,africa
200201,-0.1,africa
200202,0.73,africa
200203,1.01,africa
200204,0.85,africa
200205,0.9,africa
200206,0.49,africa
200207,1.33,africa
200208,1.12,africa
200209,1.08,africa
200210,0.65,africa
200211,0.51,africa
200212,0.9,africa
200301,0.96,africa
200302,0.97,africa
200303,0.64,africa
200304,1.01,africa
200305,0.99,africa
200306,0.66,africa
200307,0.69,africa
200308,0.79,africa
200309,0.89,africa
200310,1.27,africa
200311,1.01,africa
200312,0.65,africa
200401,0.85,africa
200402,0.74,africa
200403,0.77,africa
200404,0.64,africa
200405,0.63,africa
200406,0.37,africa
200407,0.52,africa
200408,0.93,africa
200409,0.59,africa
200410,1.08,africa
200411,0.8,africa
200412,0.92,africa
200501,0.32,africa
200502,1.69,africa
200503,1.36,africa
200504,1.07,africa
200505,1.02,africa
200506,0.76,africa
200507,0.83,africa
200508,1.19,africa
200509,1.01,africa
200510,0.95,africa
200511,0.91,africa
200512,1.35,africa
200601,0.87,africa
200602,0.98,africa
200603,0.82,africa
200604,0.84,africa
200605,0.58,africa
200606,0.68,africa
200607,0.98,africa
200608,1.05,africa
200609,0.65,africa
200610,1.1,africa
200611,0.15,africa
200612,0.21,africa
200701,0.35,africa
200702,1.11,africa
200703,0.73,africa
200704,0.97,africa
200705,0.93,africa
200706,0.69,africa
200707,0.72,africa
200708,0.71,africa
200709,0.9,africa
200710,0.74,africa
200711,0.61,africa
200712,0.33,africa
200801,-0.15,africa
200802,0.04,africa
200803,1.06,africa
200804,0.41,africa
200805,0.79,africa
200806,0.71,africa
200807,0.77,africa
200808,0.78,africa
200809,1.06,africa
200810,0.68,africa
200811,0.63,africa
200812,1.01,africa
200901,0.85,africa
200902,0.96,africa
200903,0.66,africa
200904,0.73,africa
200905,0.64,africa
200906,1.23,africa
200907,0.97,africa
200908,1.01,africa
200909,1.01,africa
200910,1.04,africa
200911,0.49,africa
200912,1.54,africa
201001,1.65,africa
201002,2.51,africa
201003,1.59,africa
201004,1.89,africa
201005,1.23,africa
201006,1.08,africa
201007,0.96,africa
201008,1.02,africa
201009,0.88,africa
201010,1.26,africa
201011,1.38,africa
201012,1.05,africa
201101,0.69,africa
201102,0.77,africa
201103,1.03,africa
201104,0.89,africa
201105,0.87,africa
201106,0.93,africa
201107,1.06,africa
201108,0.81,africa
201109,0.93,africa
201110,0.64,africa
201111,0.4,africa
201112,0.06,africa
201201,0.14,africa
201202,0.43,africa
201203,0.36,africa
201204,0.83,africa
201205,1.09,africa
201206,1.05,africa
201207,0.93,africa
201208,0.94,africa
201209,0.61,africa
201210,1.2,africa
201211,1.33,africa
201212,0.71,africa
201301,0.99,africa
201302,1.06,africa
201303,1.71,africa
201304,0.8,africa
201305,1.05,africa
201306,0.93,africa
201307,0.86,africa
201308,0.52,africa
201309,0.83,africa
201310,0.76,africa
201311,0.93,africa
201312,0.47,africa
201401,1.03,africa
201402,0.66,africa
201403,0.65,africa
201404,0.95,africa
201405,0.99,africa
201406,1.11,africa
201407,1.3,africa
201408,1.1,africa
201409,1.04,africa
201410,0.89,africa
201411,0.79,africa
201412,0.82,africa
201501,0.41,africa
201502,1.09,africa
201503,0.78,africa
201504,0.54,africa
201505,1.35,africa
201506,1.1,africa
201507,1.39,africa
201508,1.56,africa
201509,1.42,africa
201510,1.7,africa
201511,1.0,africa
201512,0.62,africa
201601,1.4,africa
201602,1.38,africa
201603,1.73,africa
201604,1.75,africa
201605,1.16,africa
201606,1.27,africa
201607,0.96,africa
201608,1.08,africa
201609,1.26,africa
201610,1.51,africa
201611,1.42,africa
201612,1.19,africa
201701,0.82,africa
201702,0.79,africa
201703,0.88,africa
201704,1.11,africa
201705,1.39,africa
201706,1.41,africa
201707,1.22,africa
201708,1.28,africa
201709,1.41,africa
201710,0.9,africa
201711,0.61,africa
201712,1.01,africa
201801,0.61,africa
201802,1.35,africa
201803,1.39,africa
201804,1.09,africa
201805,1.24,africa
201806,1.08,africa
201807,1.4,africa
201808,1.29,africa
201809,1.34,africa
201810,1.25,africa
201811,1.37,africa
201812,1.14,africa
201901,1.01,africa
201902,0.66,africa
201903,1.2,africa
201904,1.41,africa
201905,1.57,africa
201906,1.36,africa
201907,1.46,africa
201908,1.4,africa
201909,1.27,africa
201910,1.33,africa
201911,1.61,africa
201912,1.27,africa
202001,0.66,africa
202002,1.1,africa
202003,1.15,africa
202004,1.48,africa
202005,1.51,africa
202006,1.36,africa
202007,0.91,africa
202008,1.27,africa
202009,1.25,africa
202010,1.4,africa
202011,0.77,africa
202012,1.54,africa
202101,1.6,africa
202102,0.82,africa
202103,0.91,africa
202104,1.28,africa
202105,1.37,africa
202106,1.35,africa
202107,1.19,africa
202108,1.36,africa
202109,1.3,africa
202110,1.19,africa
202111,1.63,africa
202112,1.37,africa
202201,0.5,africa
202202,0.71,africa
202203,0.68,africa
202204,1.22,africa
202205,1.01,africa
202206,1.05,africa
202207,0.95,africa
202208,1.11,africa
202209,1.16,africa
202210,0.93,africa
202211,0.62,africa
202212,1.55,africa
202301,0.87,africa
202302,0.91,africa
202303,1.46,africa
202304,1.16,africa
202305,1.35,africa
202306,1.37,africa
202307,1.68,africa
202308,1.79,africa
202309,1.88,africa
202310,1.75,africa
202311,1.81,africa
202312,1.56,africa
202401,1.69,africa
202402,1.79,africa
202403,2.14,africa
202404,1.68,africa
202405,2.23,africa
202406,2.05,africa
202407,1.74,africa
202408,1.5,africa
202409,1.38,africa
202410,1.28,africa
202411,1.12,africa
202412,1.33,africa
202501,1.22,africa
202502,1.01,africa
202503,1.76,africa
202504,1.41,africa
202505,1.29,africa
202506,1.1,africa
202507,1.19,africa
202508,1.19,africa
202509,1.24,africa
202510,1.46,africa
202511,1.14,africa
202512,1.17,africa
202601,2.01,africa
185001,-2.44,asia
185002,-0.64,asia
185003,0.57,asia
185004,-1.67,asia
185005,-1.5,asia
185006,-0.94,asia
185007,-0.39,asia
185008,-0.18,asia
185009,-0.79,asia
185010,-2.22,asia
185011,-1.65,asia
185012,0.15,asia
185101,-1.33,asia
185102,-0.61,asia
185103,-2.56,asia
185104,-2.55,asia
185105,-1.14,asia
185106,-0.54,asia
185107,-0.14,asia
185108,-0.13,asia
185109,-0.73,asia
185110,-0.52,asia
185111,-1.4,asia
185112,0.01,asia
185201,-0.34,asia
185202,-1.6,asia
185203,-1.72,asia
185204,-1.27,asia
185205,-0.68,asia
185206,-0.43,asia
185207,-0.36,asia
185208,-0.86,asia
185209,-0.67,asia
185210,-0.86,asia
185211,-1.27,asia
185212,0.83,asia
185301,-1.55,asia
185302,-2.19,asia
185303,-1.43,asia
185304,-2.12,asia
185305,-0.75,asia
185306,-0.46,asia
185307,0.06,asia
185308,-0.17,asia
185309,-0.41,asia
185310,-0.89,asia
185311,-0.9,asia
185312,-0.62,asia
185401,-1.53,asia
185402,-0.71,asia
185403,0.16,asia
185404,-0.4,asia
185405,-0.45,asia
185406,-0.52,asia
185407,-0.05,asia
185408,0.09,asia
185409,-0.31,asia
185410,0.42,asia
185411,0.15,asia
185412,0.79,asia
185501,-0.17,asia
185502,0.55,asia
185503,-0.19,asia
185504,0.28,asia
185505,-0.5,asia
185506,-0.42,asia
185507,-0.84,asia
185508,-0.31,asia
185509,-0.59,asia
185510,-0.8,asia
185511,-1.74,asia
185512,-1.02,asia
185601,0.53,asia
185602,-1.32,asia
185603,-0.87,asia
185604,-1.18,asia
185605,-1.03,asia
185606,-0.6,asia
185607,-0.05,asia
185608,-0.93,asia
185609,-0.97,asia
185610,-1.13,asia
185611,0.03,asia
185612,1.56,asia
185701,0.25,asia
185702,-1.68,asia
185703,-0.97,asia
185704,-1.61,asia
185705,-1.48,asia
185706,-0.82,asia
185707,-0.52,asia
185708,-0.47,asia
185709,-1.01,asia
185710,-1.31,asia
185711,-0.86,asia
185712,0.67,asia
185801,-0.08,asia
185802,-0.31,asia
185803,-0.79,asia
185804,-0.22,asia
185805,-0.68,asia
185806,-0.79,asia
185807,-0.22,asia
185808,-0.79,asia
185809,-1.03,asia
185810,-0.68,asia
185811,-0.47,asia
185812,-0.69,asia
185901,-0.45,asia
185902,-0.59,asia
185903,-0.34,asia
185904,0.32,asia
185905,-0.3,asia
185906,-0.04,asia
185907,-0.48,asia
185908,-0.39,asia
185909,-0.73,asia
185910,-0.81,asia
185911,0.43,asia
185912,0.86,asia
186001,-1.83,asia
186002,-1.34,asia
186003,-3.27,asia
186004,-1.31,asia
186005,-0.9,asia
186006,-0.32,asia
186007,-0.31,asia
186008,-0.36,asia
186009,-0.38,asia
186010,-0.94,asia
186011,-1.41,asia
186012,-2.78,asia
186101,-2.8,asia
186102,-2.49,asia
186103,-0.61,asia
186104,-0.82,asia
186105,-0.57,asia
186106,-0.55,asia
186107,-0.22,asia
186108,-0.2,asia
186109,-0.87,asia
186110,-1.51,asia
186111,-0.3,asia
186112,-0.78,asia
186201,-2.36,asia
186202,-1.92,asia
186203,-1.79,asia
186204,-1.58,asia
186205,-1.25,asia
186206,-0.82,asia
186207,-0.64,asia
186208,-0.66,asia
186209,-0.73,asia
186210,-1.32,asia
186211,-1.21,asia
186212,-2.92,asia
186301,-0.27,asia
186302,-0.14,asia
186303,-0.41,asia
186304,-0.1,asia
186305,-0.71,asia
186306,-0.55,asia
186307,-0.59,asia
186308,-0.45,asia
186309,-1.06,asia
186310,-0.95,asia
186311,0.02,asia
186312,0.26,asia
186401,-1.71,asia
186402,-1.67,asia
186403,-1.28,asia
186404,-0.75,asia
186405,-0.72,asia
186406,-0.31,asia
186407,-0.38,asia
186408,-0.65,asia
186409,-1.01,asia
186410,-0.8,asia
186411,-1.28,asia
186412,-2.41,asia
186501,1.4,asia
186502,-1.62,asia
186503,-1.41,asia
186504,-1.22,asia
186505,-0.65,asia
186506,-0.33,asia
186507,-0.07,asia
186508,-0.36,asia
186509,-0.13,asia
186510,-0.34,asia
186511,-0.07,asia
186512,-0.27,asia
186601,1.12,asia
186602,-0.38,asia
186603,-1.22,asia
186604,-1.32,asia
186605,-0.67,asia
186606,-0.88,asia
186607,-0.12,asia
186608,-0.42,asia
186609,0.05,asia
186610,-0.89,asia
186611,0.44,asia
186612,1.72,asia
186701,-0.42,asia
186702,-1.2,asia
186703,-0.34,asia
186704,-1.05,asia
186705,-1.43,asia
186706,-0.52,asia
186707,-0.32,asia
186708,-0.57,asia
186709,-0.43,asia
186710,-0.68,asia
186711,1.24,asia
186712,1.32,asia
186801,-0.57,asia
186802,-0.25,asia
186803,-0.73,asia
186804,0.02,asia
186805,-0.41,asia
186806,-0.62,asia
186807,-0.24,asia
186808,-0.33,asia
186809,-0.32,asia
186810,-0.47,asia
186811,-1.41,asia
186812,-0.22,asia
186901,-0.54,asia
186902,1.4,asia
186903,-0.97,asia
186904,-0.73,asia
186905,-0.52,asia
186906,-0.41,asia
186907,-0.22,asia
186908,0.04,asia
186909,0.0,asia
186910,-0.58,asia
186911,0.62,asia
186912,-1.37,asia
187001,-2.49,asia
187002,-2.41,asia
187003,-0.21,asia
187004,-0.91,asia
187005,-0.62,asia
187006,0.12,asia
187007,-0.11,asia
187008,-0.58,asia
187009,-0.13,asia
187010,-1.19,asia
187011,-1.83,asia
187012,-2.67,asia
187101,-2.21,asia
187102,-2.6,asia
187103,0.11,asia
187104,-0.56,asia
187105,-0.87,asia
187106,-0.38,asia
187107,-0.12,asia
187108,-0.1,asia
187109,-0.45,asia
187110,-0.81,asia
187111,-1.12,asia
187112,-0.63,asia
187201,-2.81,asia
187202,-2.76,asia
187203,-0.3,asia
187204,-1.31,asia
187205,-0.29,asia
187206,-1.01,asia
187207,-0.07,asia
187208,-0.04,asia
187209,-0.4,asia
187210,-0.63,asia
187211,-0.73,asia
187212,-1.01,asia
187301,-1.27,asia
187302,-0.17,asia
187303,-1.29,asia
187304,-1.28,asia
187305,-0.59,asia
187306,-0.24,asia
187307,-0.23,asia
187308,-0.35,asia
187309,-0.79,asia
187310,-0.08,asia
187311,0.29,asia
187312,0.11,asia
187401,0.37,asia
187402,-0.26,asia
187403,-0.92,asia
187404,-0.46,asia
187405,0.18,asia
187406,0.06,asia
187407,-0.44,asia
187408,-0.22,asia
187409,0.11,asia
187410,-0.92,asia
187411,-0.15,asia
187412,0.1,asia
187501,0.0,asia
187502,-0.21,asia
187503,0.46,asia
187504,0.1,asia
187505,-0.11,asia
187506,0.18,asia
187507,0.06,asia
187508,-0.52,asia
187509,-1.05,asia
187510,-1.29,asia
187511,-1.28,asia
187512,-1.95,asia
187601,-0.37,asia
187602,-0.94,asia
187603,0.28,asia
187604,-0.72,asia
187605,-0.91,asia
187606,0.08,asia
187607,-0.43,asia
187608,-0.41,asia
187609,-1.04,asia
187610,-0.22,asia
187611,-0.11,asia
187612,-1.67,asia
187701,-0.03,asia
187702,-1.24,asia
187703,0.84,asia
187704,-1.02,asia
187705,-0.35,asia
187706,-0.2,asia
187707,0.19,asia
187708,-0.05,asia
187709,-0.41,asia
187710,-0.1,asia
187711,0.36,asia
187712,-1.73,asia
187801,-1.68,asia
187802,-0.36,asia
187803,1.18,asia
187804,-0.74,asia
187805,-0.62,asia
187806,0.02,asia
187807,0.42,asia
187808,0.01,asia
187809,0.19,asia
187810,-0.16,asia
187811,-1.26,asia
187812,-0.46,asia
187901,-0.45,asia
187902,-0.52,asia
187903,0.08,asia
187904,-1.0,asia
187905,-0.19,asia
187906,0.03,asia
187907,0.52,asia
187908,-0.36,asia
187909,-0.4,asia
187910,-0.09,asia
187911,-0.87,asia
187912,-0.44,asia
188001,-1.76,asia
188002,-2.17,asia
188003,0.11,asia
188004,-1.1,asia
188005,0.06,asia
188006,0.03,asia
188007,-0.64,asia
188008,0.19,asia
188009,-0.57,asia
188010,-1.07,asia
188011,0.54,asia
188012,0.73,asia
188101,0.41,asia
188102,-0.39,asia
188103,-0.59,asia
188104,0.21,asia
188105,-0.14,asia
188106,-1.18,asia
188107,-0.12,asia
188108,-0.35,asia
188109,-0.89,asia
188110,-0.73,asia
188111,-0.83,asia
188112,-1.07,asia
188201,0.69,asia
188202,-0.05,asia
188203,0.02,asia
188204,-0.68,asia
188205,0.04,asia
188206,-0.7,asia
188207,-0.59,asia
188208,-0.28,asia
188209,-0.4,asia
188210,-2.11,asia
188211,-1.34,asia
188212,-2.2,asia
188301,-1.11,asia
188302,-1.54,asia
188303,0.22,asia
188304,-0.75,asia
188305,0.03,asia
188306,-0.19,asia
188307,-0.23,asia
188308,-0.4,asia
188309,-0.92,asia
188310,-0.49,asia
188311,-1.65,asia
188312,0.28,asia
188401,0.45,asia
188402,-0.71,asia
188403,-2.4,asia
188404,-2.07,asia
188405,-1.08,asia
188406,-0.84,asia
188407,-0.5,asia
188408,-1.27,asia
188409,-1.28,asia
188410,-0.82,asia
188411,-1.33,asia
188412,0.19,asia
188501,-2.1,asia
188502,-1.61,asia
188503,-0.27,asia
188504,-1.69,asia
188505,-1.06,asia
188506,-0.34,asia
188507,-0.44,asia
188508,-0.63,asia
188509,-0.74,asia
188510,-1.0,asia
188511,-1.5,asia
188512,0.01,asia
188601,-0.26,asia
188602,-2.15,asia
188603,-1.44,asia
188604,-0.7,asia
188605,-0.67,asia
188606,-0.96,asia
188607,-0.14,asia
188608,-0.6,asia
188609,-0.37,asia
188610,-1.2,asia
188611,-0.89,asia
188612,1.23,asia
188701,-2.27,asia
188702,-0.21,asia
188703,-0.36,asia
188704,-0.07,asia
188705,-0.48,asia
188706,-0.46,asia
188707,0.01,asia
188708,-0.93,asia
188709,-0.01,asia
188710,-0.49,asia
188711,-0.31,asia
188712,-0.38,asia
188801,0.13,asia
188802,-1.88,asia
188803,-0.53,asia
188804,-0.52,asia
188805,-0.58,asia
188806,-0.26,asia
188807,0.11,asia
188808,-0.14,asia
188809,-0.66,asia
188810,-0.09,asia
188811,-0.13,asia
188812,-1.26,asia
188901,-2.16,asia
188902,1.09,asia
188903,-0.5,asia
188904,-0.09,asia
188905,-0.49,asia
188906,0.0,asia
188907,-0.14,asia
188908,-0.12,asia
188909,-0.3,asia
188910,-1.58,asia
188911,-1.69,asia
188912,-1.36,asia
189001,-1.04,asia
189002,-0.8,asia
189003,-1.17,asia
189004,-0.26,asia
189005,-0.98,asia
189006,-0.2,asia
189007,-0.18,asia
189008,-0.45,asia
189009,-0.3,asia
189010,0.15,asia
189011,-2.11,asia
189012,-1.46,asia
189101,-1.45,asia
189102,-1.06,asia
189103,-0.02,asia
189104,-1.33,asia
189105,-0.51,asia
189106,-0.39,asia
189107,-0.47,asia
189108,-0.4,asia
189109,-0.6,asia
189110,-0.87,asia
189111,-1.57,asia
189112,-0.41,asia
189201,-0.93,asia
189202,-0.81,asia
189203,-1.97,asia
189204,-1.01,asia
189205,-0.1,asia
189206,0.19,asia
189207,-0.26,asia
189208,-0.46,asia
189209,-0.29,asia
189210,-0.44,asia
189211,-1.65,asia
189212,-1.01,asia
189301,-3.18,asia
189302,-2.12,asia
189303,0.27,asia
189304,0.54,asia
189305,-0.53,asia
189306,0.12,asia
189307,0.15,asia
189308,-0.5,asia
189309,-0.27,asia
189310,-0.38,asia
189311,-0.05,asia
189312,-1.06,asia
189401,-1.32,asia
189402,0.92,asia
189403,0.05,asia
189404,-0.87,asia
189405,-0.04,asia
189406,-0.54,asia
189407,-0.13,asia
189408,-0.03,asia
189409,-0.39,asia
189410,-0.83,asia
189411,-1.0,asia
189412,-1.03,asia
189501,-2.56,asia
189502,-1.9,asia
189503,-0.35,asia
189504,-0.76,asia
189505,-0.84,asia
189506,-0.43,asia
189507,-0.06,asia
189508,-0.38,asia
189509,-0.1,asia
189510,-0.18,asia
189511,-0.3,asia
189512,-0.62,asia
189601,0.09,asia
189602,-0.51,asia
189603,-1.07,asia
189604,-1.76,asia
189605,-0.44,asia
189606,0.16,asia
189607,-0.34,asia
189608,-0.1,asia
189609,-0.2,asia
189610,0.22,asia
189611,-0.34,asia
189612,-1.49,asia
189701,-1.43,asia
189702,-1.05,asia
189703,-1.34,asia
189704,-0.25,asia
189705,0.16,asia
189706,-0.37,asia
189707,0.22,asia
189708,-0.08,asia
189709,0.06,asia
189710,-0.34,asia
189711,-0.07,asia
189712,-0.69,asia
189801,0.19,asia
189802,-0.8,asia
189803,-3.34,asia
189804,-1.37,asia
189805,-0.6,asia
189806,-0.42,asia
189807,-0.05,asia
189808,-0.1,asia
189809,-0.27,asia
189810,-0.98,asia
189811,-0.69,asia
189812,0.36,asia
189901,0.08,asia
189902,-0.06,asia
189903,0.42,asia
189904,-0.36,asia
189905,-0.2,asia
189906,-0.33,asia
189907,-0.31,asia
189908,-0.13,asia
189909,0.08,asia
189910,0.23,asia
189911,0.07,asia
189912,-1.05,asia
190001,-3.5,asia
190002,-1.11,asia
190003,0.31,asia
190004,-0.73,asia
190005,0.14,asia
190006,-0.52,asia
190007,-0.22,asia
190008,0.06,asia
190009,-0.11,asia
190010,-0.01,asia
190011,-0.13,asia
190012,-0.09,asia
190101,-1.05,asia
190102,0.02,asia
190103,1.35,asia
190104,0.42,asia
190105,-0.17,asia
190106,0.08,asia
190107,-0.24,asia
190108,-0.17,asia
190109,-0.46,asia
190110,-1.43,asia
190111,0.5,asia
190112,-0.73,asia
190201,0.24,asia
190202,0.33,asia
190203,-0.35,asia
190204,-1.56,asia
190205,-0.79,asia
190206,-0.21,asia
190207,-0.45,asia
190208,-0.28,asia
190209,-0.35,asia
190210,-1.19,asia
190211,-1.78,asia
190212,-1.07,asia
190301,-0.34,asia
190302,1.44,asia
190303,-0.7,asia
190304,-1.01,asia
190305,-0.63,asia
190306,-0.65,asia
190307,-0.08,asia
190308,-0.36,asia
190309,-0.38,asia
190310,-1.14,asia
190311,-0.21,asia
190312,-1.68,asia
190401,-0.66,asia
190402,0.05,asia
190403,-0.3,asia
190404,-1.1,asia
190405,-0.47,asia
190406,-0.52,asia
190407,-0.51,asia
190408,-0.23,asia
190409,-0.81,asia
190410,-0.74,asia
190411,0.74,asia
190412,0.16,asia
190501,0.73,asia
190502,-1.73,asia
190503,-1.88,asia
190504,-1.8,asia
190505,-0.5,asia
190506,-0.55,asia
190507,-0.23,asia
190508,-0.44,asia
190509,-0.4,asia
190510,0.18,asia
190511,0.14,asia
190512,-0.36,asia
190601,-1.88,asia
190602,-1.55,asia
190603,0.27,asia
190604,0.61,asia
190605,0.05,asia
190606,0.37,asia
190607,-0.32,asia
190608,0.15,asia
190609,-0.34,asia
190610,0.12,asia
190611,-0.88,asia
190612,1.37,asia
190701,-0.32,asia
190702,-0.96,asia
190703,-0.31,asia
190704,-0.23,asia
190705,-0.77,asia
190706,-0.83,asia
190707,-0.58,asia
190708,-0.25,asia
190709,-0.15,asia
190710,-0.1,asia
190711,-1.47,asia
190712,-1.87,asia
190801,-1.41,asia
190802,-0.14,asia
190803,-1.82,asia
190804,-0.71,asia
190805,-0.24,asia
190806,0.26,asia
190807,-0.38,asia
190808,-0.22,asia
190809,-0.06,asia
190810,-0.66,asia
190811,-1.15,asia
190812,-0.99,asia
190901,-1.6,asia
190902,-0.08,asia
190903,-1.83,asia
190904,-0.32,asia
190905,-0.63,asia
190906,-0.74,asia
190907,-0.01,asia
190908,0.08,asia
190909,-0.12,asia
190910,-0.27,asia
190911,0.64,asia
190912,0.17,asia
191001,-0.05,asia
191002,0.42,asia
191003,-1.34,asia
191004,-0.5,asia
191005,-0.15,asia
191006,-0.63,asia
191007,0.06,asia
191008,0.03,asia
191009,-0.48,asia
191010,-0.62,asia
191011,-1.09,asia
191012,-1.81,asia
191101,-1.17,asia
191102,-0.57,asia
191103,-1.63,asia
191104,0.21,asia
191105,-0.77,asia
191106,-0.27,asia
191107,-0.15,asia
191108,-0.28,asia
191109,-0.66,asia
191110,-0.53,asia
191111,0.48,asia
191112,-1.01,asia
191201,0.07,asia
191202,-0.4,asia
191203,-1.8,asia
191204,-0.11,asia
191205,-0.23,asia
191206,0.36,asia
191207,-0.81,asia
191208,-1.15,asia
191209,-1.18,asia
191210,-2.43,asia
191211,-0.87,asia
191212,-1.05,asia
191301,-0.38,asia
191302,-1.29,asia
191303,-0.44,asia
191304,-0.97,asia
191305,-0.57,asia
191306,-0.69,asia
191307,-0.56,asia
191308,-0.25,asia
191309,-0.2,asia
191310,-0.44,asia
191311,-0.16,asia
191312,1.09,asia
191401,1.34,asia
191402,1.7,asia
191403,-0.53,asia
191404,-0.58,asia
191405,-0.31,asia
191406,0.04,asia
191407,-0.34,asia
191408,-0.03,asia
191409,0.0,asia
191410,-0.32,asia
191411,-0.5,asia
191412,0.49,asia
191501,-1.1,asia
191502,-0.59,asia
191503,-0.1,asia
191504,-0.22,asia
191505,0.69,asia
191506,0.22,asia
191507,0.07,asia
191508,-0.36,asia
191509,-0.33,asia
191510,-1.2,asia
191511,0.19,asia
191512,-0.55,asia
191601,0.53,asia
191602,-0.55,asia
191603,-1.01,asia
191604,-0.39,asia
191605,-0.51,asia
191606,-0.56,asia
191607,-0.29,asia
191608,-0.12,asia
191609,-0.41,asia
191610,-0.09,asia
191611,-1.08,asia
191612,-2.41,asia
191701,-0.52,asia
191702,-0.37,asia
191703,-1.09,asia
191704,-0.14,asia
191705,-0.15,asia
191706,-0.18,asia
191707,-0.07,asia
191708,-0.28,asia
191709,0.0,asia
191710,-0.54,asia
191711,-0.24,asia
191712,-0.82,asia
191801,0.05,asia
191802,-0.27,asia
191803,-0.06,asia
191804,-0.79,asia
191805,-0.94,asia
191806,-0.42,asia
191807,-0.33,asia
191808,-0.3,asia
191809,0.0,asia
191810,-0.01,asia
191811,-0.63,asia
191812,-2.4,asia
191901,-2.32,asia
191902,-1.1,asia
191903,-1.01,asia
191904,0.27,asia
191905,-0.49,asia
191906,-0.49,asia
191907,-0.06,asia
191908,0.2,asia
191909,-0.08,asia
191910,0.62,asia
191911,-0.29,asia
191912,-0.58,asia
192001,1.24,asia
192002,-1.25,asia
192003,0.99,asia
192004,0.38,asia
192005,0.24,asia
192006,-0.06,asia
192007,-0.07,asia
192008,0.06,asia
192009,-0.43,asia
192010,-0.73,asia
192011,-0.54,asia
192012,-2.05,asia
192101,0.93,asia
192102,0.24,asia
192103,-0.03,asia
192104,0.02,asia
192105,-0.39,asia
192106,0.25,asia
192107,0.21,asia
192108,-0.16,asia
192109,-0.19,asia
192110,-0.27,asia
192111,0.17,asia
192112,-0.53,asia
192201,-0.94,asia
192202,-1.16,asia
192203,0.36,asia
192204,0.03,asia
192205,-0.01,asia
192206,0.08,asia
192207,0.12,asia
192208,-0.11,asia
192209,-0.57,asia
192210,-0.42,asia
192211,-0.15,asia
192212,1.02,asia
192301,-0.25,asia
192302,-0.57,asia
192303,0.19,asia
192304,-1.13,asia
192305,-0.81,asia
192306,0.09,asia
192307,-0.32,asia
192308,0.19,asia
192309,-0.09,asia
192310,0.27,asia
192311,-0.12,asia
192312,0.3,asia
192401,-0.26,asia
192402,-0.75,asia
192403,-0.18,asia
192404,-0.22,asia
192405,-0.26,asia
192406,-0.25,asia
192407,0.06,asia
192408,0.09,asia
192409,0.2,asia
192410,-0.32,asia
192411,1.07,asia
192412,0.85,asia
192501,1.05,asia
192502,-0.9,asia
192503,-0.05,asia
192504,-0.44,asia
192505,-0.57,asia
192506,-0.56,asia
192507,-0.5,asia
192508,-0.17,asia
192509,0.17,asia
192510,0.69,asia
192511,0.62,asia
192512,0.83,asia
192601,1.18,asia
192602,-0.04,asia
192603,1.58,asia
192604,-0.66,asia
192605,-0.93,asia
192606,-0.4,asia
192607,-0.53,asia
192608,0.19,asia
192609,-0.03,asia
192610,0.11,asia
192611,0.27,asia
192612,-0.47,asia
192701,-1.76,asia
192702,-0.53,asia
192703,-1.86,asia
192704,-0.29,asia
192705,0.11,asia
192706,-0.05,asia
192707,-0.03,asia
192708,-0.1,asia
192709,0.5,asia
192710,0.63,asia
192711,0.15,asia
192712,-0.48,asia
192801,-0.43,asia
192802,0.15,asia
192803,-1.09,asia
192804,-0.32,asia
192805,-0.14,asia
192806,-0.32,asia
192807,-0.21,asia
192808,-0.05,asia
192809,-0.16,asia
192810,-0.09,asia
192811,-0.15,asia
192812,-0.2,asia
192901,-1.93,asia
192902,-2.09,asia
192903,0.18,asia
192904,-0.11,asia
192905,-0.37,asia
192906,-0.51,asia
192907,-0.37,asia
192908,-0.23,asia
192909,-0.35,asia
192910,0.01,asia
192911,0.12,asia
192912,-2.61,asia
193001,-0.44,asia
193002,-0.98,asia
193003,0.96,asia
193004,-0.83,asia
193005,-0.23,asia
193006,-0.36,asia
193007,-0.04,asia
193008,0.17,asia
193009,-0.51,asia
193010,-0.15,asia
193011,0.78,asia
193012,-1.11,asia
193101,-1.62,asia
193102,-2.97,asia
193103,0.02,asia
193104,-1.0,asia
193105,-0.65,asia
193106,0.13,asia
193107,0.17,asia
193108,0.42,asia
193109,0.56,asia
193110,0.98,asia
193111,0.22,asia
193112,0.1,asia
193201,2.12,asia
193202,-0.19,asia
193203,-0.12,asia
193204,0.65,asia
193205,-0.35,asia
193206,-0.06,asia
193207,0.25,asia
193208,-0.03,asia
193209,0.68,asia
193210,0.7,asia
193211,-0.24,asia
193212,-0.34,asia
193301,-1.55,asia
193302,-1.52,asia
193303,-1.34,asia
193304,-0.38,asia
193305,-0.65,asia
193306,-0.65,asia
193307,-0.02,asia
193308,-0.03,asia
193309,-0.47,asia
193310,-0.11,asia
193311,-0.04,asia
193312,-0.3,asia
193401,-0.59,asia
193402,2.04,asia
193403,-0.84,asia
193404,-1.49,asia
193405,0.16,asia
193406,-0.26,asia
193407,-0.27,asia
193408,-0.14,asia
193409,-0.75,asia
193410,-0.07,asia
193411,0.24,asia
193412,0.51,asia
193501,-0.75,asia
193502,2.25,asia
193503,0.32,asia
193504,-1.15,asia
193505,-0.15,asia
193506,-0.18,asia
193507,-0.15,asia
193508,0.34,asia
193509,0.12,asia
193510,0.42,asia
193511,-1.37,asia
193512,-1.23,asia
193601,-1.47,asia
193602,-0.63,asia
193603,-1.46,asia
193604,-0.36,asia
193605,-0.21,asia
193606,-0.19,asia
193607,0.14,asia
193608,-0.16,asia
193609,0.27,asia
193610,0.8,asia
193611,0.36,asia
193612,1.12,asia
193701,0.0,asia
193702,0.75,asia
193703,-1.72,asia
193704,-0.9,asia
193705,-0.03,asia
193706,0.06,asia
193707,0.03,asia
193708,-0.06,asia
193709,0.48,asia
193710,0.62,asia
193711,-0.25,asia
193712,-0.68,asia
193801,0.25,asia
193802,0.51,asia
193803,0.54,asia
193804,1.6,asia
193805,0.34,asia
193806,-0.36,asia
193807,0.16,asia
193808,0.33,asia
193809,0.26,asia
193810,0.02,asia
193811,1.01,asia
193812,-1.51,asia
193901,-0.7,asia
193902,1.41,asia
193903,-0.04,asia
193904,-0.35,asia
193905,0.09,asia
193906,0.46,asia
193907,0.04,asia
193908,0.2,asia
193909,0.0,asia
193910,-0.12,asia
193911,0.43,asia
193912,1.88,asia
194001,-1.32,asia
194002,0.24,asia
194003,0.13,asia
194004,0.68,asia
194005,-0.39,asia
194006,0.21,asia
194007,0.25,asia
194008,0.0,asia
194009,0.0,asia
194010,-0.41,asia
194011,0.52,asia
194012,0.46,asia
194101,-0.27,asia
194102,-0.39,asia
194103,-0.31,asia
194104,-0.48,asia
194105,0.04,asia
194106,0.36,asia
194107,0.01,asia
194108,0.18,asia
194109,0.02,asia
194110,0.7,asia
194111,-0.54,asia
194112,-0.64,asia
194201,0.42,asia
194202,-1.23,asia
194203,-0.63,asia
194204,-0.63,asia
194205,-0.21,asia
194206,0.4,asia
194207,0.13,asia
194208,-0.29,asia
194209,0.15,asia
194210,0.19,asia
194211,0.72,asia
194212,1.04,asia
194301,-0.54,asia
194302,0.57,asia
194303,0.63,asia
194304,0.91,asia
194305,1.13,asia
194306,-0.27,asia
194307,0.08,asia
194308,0.21,asia
194309,0.3,asia
194310,0.5,asia
194311,-0.13,asia
194312,0.83,asia
194401,1.32,asia
194402,1.03,asia
194403,1.78,asia
194404,0.07,asia
194405,0.39,asia
194406,0.05,asia
194407,0.17,asia
194408,-0.07,asia
194409,0.62,asia
194410,0.26,asia
194411,-0.65,asia
194412,-1.31,asia
194501,-0.97,asia
194502,-2.05,asia
194503,-1.14,asia
194504,0.85,asia
194505,0.29,asia
194506,0.29,asia
194507,-0.23,asia
194508,0.56,asia
194509,0.48,asia
194510,0.68,asia
194511,0.33,asia
194512,-0.97,asia
194601,0.56,asia
194602,1.18,asia
194603,-1.11,asia
194604,0.83,asia
194605,-0.21,asia
194606,-0.2,asia
194607,0.07,asia
194608,0.1,asia
194609,-0.36,asia
194610,0.08,asia
194611,0.11,asia
194612,-1.58,asia
194701,-0.97,asia
194702,-0.8,asia
194703,0.61,asia
194704,1.13,asia
194705,0.21,asia
194706,-0.13,asia
194707,-0.3,asia
194708,-0.15,asia
194709,0.24,asia
194710,0.81,asia
194711,0.43,asia
194712,-0.79,asia
194801,1.42,asia
194802,0.44,asia
194803,0.5,asia
194804,0.67,asia
194805,0.43,asia
194806,0.33,asia
194807,0.16,asia
194808,0.2,asia
194809,0.14,asia
194810,0.5,asia
194811,0.58,asia
194812,0.01,asia
194901,1.68,asia
194902,0.59,asia
194903,-0.44,asia
194904,0.3,asia
194905,0.41,asia
194906,-0.3,asia
194907,-0.38,asia
194908,0.05,asia
194909,-0.21,asia
194910,0.48,asia
194911,-1.13,asia
194912,-1.11,asia
195001,-0.65,asia
195002,-0.72,asia
195003,0.22,asia
195004,-0.23,asia
195005,0.22,asia
195006,-0.2,asia
195007,-0.42,asia
195008,-0.33,asia
195009,-0.12,asia
195010,0.01,asia
195011,-1.56,asia
195012,-0.73,asia
195101,-1.14,asia
195102,-2.44,asia
195103,-0.42,asia
195104,0.09,asia
195105,0.4,asia
195106,-0.14,asia
195107,0.0,asia
195108,0.22,asia
195109,0.68,asia
195110,1.02,asia
195111,0.3,asia
195112,2.76,asia
195201,0.62,asia
195202,-0.02,asia
195203,-0.85,asia
195204,-0.34,asia
195205,-0.14,asia
195206,0.0,asia
195207,0.36,asia
195208,0.1,asia
195209,0.55,asia
195210,-0.72,asia
195211,-2.22,asia
195212,-1.41,asia
195301,0.1,asia
195302,0.33,asia
195303,1.01,asia
195304,0.66,asia
195305,0.56,asia
195306,0.53,asia
195307,0.5,asia
195308,0.27,asia
195309,0.27,asia
195310,0.16,asia
195311,-1.2,asia
195312,0.79,asia
195401,-0.67,asia
195402,-1.18,asia
195403,-0.75,asia
195404,0.17,asia
195405,-0.62,asia
195406,0.13,asia
195407,0.21,asia
195408,0.37,asia
195409,0.25,asia
195410,0.42,asia
195411,0.29,asia
195412,-1.12,asia
195501,1.11,asia
195502,-0.18,asia
195503,-1.22,asia
195504,-0.96,asia
195505,0.07,asia
195506,0.26,asia
195507,-0.22,asia
195508,0.25,asia
195509,0.02,asia
195510,0.27,asia
195511,0.3,asia
195512,-0.38,asia
195601,-0.78,asia
195602,-0.84,asia
195603,-0.38,asia
195604,-0.59,asia
195605,-0.36,asia
195606,-0.1,asia
195607,-0.1,asia
195608,-0.35,asia
195609,-0.41,asia
195610,-0.4,asia
195611,-0.38,asia
195612,-0.27,asia
195701,0.02,asia
195702,-1.27,asia
195703,-1.26,asia
195704,-0.67,asia
195705,0.0,asia
195706,0.11,asia
195707,-0.35,asia
195708,-0.07,asia
195709,-0.01,asia
195710,-0.38,asia
195711,-0.25,asia
195712,0.95,asia
195801,0.55,asia
195802,0.65,asia
195803,-0.5,asia
195804,-0.47,asia
195805,-0.57,asia
195806,-0.25,asia
195807,-0.09,asia
195808,-0.22,asia
195809,-0.57,asia
195810,-0.26,asia
195811,-0.12,asia
195812,0.21,asia
195901,0.52,asia
195902,0.43,asia
195903,1.43,asia
195904,0.31,asia
195905,-0.21,asia
195906,0.25,asia
195907,-0.23,asia
195908,0.3,asia
195909,0.5,asia
195910,-0.03,asia
195911,-0.54,asia
195912,-0.98,asia
196001,-0.26,asia
196002,1.13,asia
196003,-1.16,asia
196004,-0.54,asia
196005,-0.83,asia
196006,0.34,asia
196007,-0.1,asia
196008,-0.2,asia
196009,0.13,asia
196010,-0.76,asia
196011,-0.97,asia
196012,0.9,asia
196101,0.29,asia
196102,0.84,asia
196103,1.19,asia
196104,0.29,asia
196105,0.19,asia
196106,-0.07,asia
196107,0.13,asia
196108,-0.09,asia
196109,0.15,asia
196110,-0.65,asia
196111,0.28,asia
196112,0.27,asia
196201,1.3,asia
196202,1.84,asia
196203,0.98,asia
196204,0.57,asia
196205,0.48,asia
196206,-0.36,asia
196207,0.38,asia
196208,-0.15,asia
196209,-0.06,asia
196210,-0.25,asia
196211,-0.61,asia
196212,0.52,asia
196301,0.89,asia
196302,1.98,asia
196303,0.27,asia
196304,-0.76,asia
196305,-0.22,asia
196306,-0.34,asia
196307,0.07,asia
196308,0.07,asia
196309,0.11,asia
196310,0.62,asia
196311,1.08,asia
196312,0.29,asia
196401,-0.1,asia
196402,-1.03,asia
196403,-0.4,asia
196404,-0.89,asia
196405,-0.26,asia
196406,-0.17,asia
196407,-0.07,asia
196408,-0.02,asia
196409,-0.13,asia
196410,-0.67,asia
196411,-0.05,asia
196412,0.28,asia
196501,0.41,asia
196502,-0.6,asia
196503,0.45,asia
196504,-0.73,asia
196505,-0.08,asia
196506,-0.07,asia
196507,0.01,asia
196508,-0.29,asia
196509,0.05,asia
196510,0.34,asia
196511,-0.66,asia
196512,-0.29,asia
196601,0.15,asia
196602,-0.47,asia
196603,-0.06,asia
196604,-0.81,asia
196605,0.07,asia
196606,0.13,asia
196607,-0.03,asia
196608,0.41,asia
196609,0.27,asia
196610,-0.4,asia
196611,-0.28,asia
196612,-1.14,asia
196701,-0.62,asia
196702,-0.59,asia
196703,0.93,asia
196704,0.56,asia
196705,0.9,asia
196706,-0.05,asia
196707,0.25,asia
196708,-0.08,asia
196709,-0.42,asia
196710,1.21,asia
196711,0.24,asia
196712,0.32,asia
196801,-0.27,asia
196802,-0.21,asia
196803,2.14,asia
196804,0.16,asia
196805,0.21,asia
196806,-0.33,asia
196807,-0.22,asia
196808,-0.29,asia
196809,-0.55,asia
196810,-0.59,asia
196811,-1.1,asia
196812,-1.02,asia
196901,-2.81,asia
196902,-3.75,asia
196903,-0.58,asia
196904,-0.39,asia
196905,-0.57,asia
196906,-0.27,asia
196907,0.16,asia
196908,-0.37,asia
196909,-0.43,asia
196910,-0.15,asia
196911,0.64,asia
196912,0.4,asia
197001,-0.09,asia
197002,0.54,asia
197003,-0.56,asia
197004,0.29,asia
197005,0.02,asia
197006,-0.33,asia
197007,0.21,asia
197008,-0.29,asia
197009,0.2,asia
197010,-0.47,asia
197011,0.06,asia
197012,-0.12,asia
197101,0.85,asia
197102,-1.19,asia
197103,-0.37,asia
197104,-0.18,asia
197105,0.06,asia
197106,-0.19,asia
197107,0.03,asia
197108,-0.08,asia
197109,0.36,asia
197110,0.11,asia
197111,1.88,asia
197112,1.1,asia
197201,-1.61,asia
197202,-1.27,asia
197203,0.11,asia
197204,0.59,asia
197205,-0.27,asia
197206,0.06,asia
197207,-0.23,asia
197208,-0.23,asia
197209,-0.66,asia
197210,0.13,asia
197211,-0.52,asia
197212,0.51,asia
197301,-0.27,asia
197302,1.6,asia
197303,0.83,asia
197304,0.9,asia
197305,0.21,asia
197306,0.37,asia
197307,-0.02,asia
197308,0.1,asia
197309,-0.13,asia
197310,-0.32,asia
197311,0.83,asia
197312,0.96,asia
197401,-1.03,asia
197402,-1.6,asia
197403,0.49,asia
197404,0.61,asia
197405,0.14,asia
197406,-0.22,asia
197407,0.31,asia
197408,0.03,asia
197409,0.3,asia
197410,-0.33,asia
197411,-0.66,asia
197412,-0.77,asia
197501,1.48,asia
197502,0.46,asia
197503,1.62,asia
197504,1.12,asia
197505,0.31,asia
197506,0.38,asia
197507,0.08,asia
197508,-0.01,asia
197509,0.7,asia
197510,0.09,asia
197511,0.01,asia
197512,0.59,asia
197601,1.34,asia
197602,-0.51,asia
197603,-1.01,asia
197604,0.26,asia
197605,-0.09,asia
197606,-0.24,asia
197607,-0.54,asia
197608,-0.27,asia
197609,-0.02,asia
197610,-1.64,asia
197611,-1.0,asia
197612,-0.64,asia
197701,-2.0,asia
197702,-1.14,asia
197703,0.86,asia
197704,1.04,asia
197705,0.64,asia
197706,0.75,asia
197707,0.08,asia
197708,-0.18,asia
197709,0.14,asia
197710,-0.81,asia
197711,1.4,asia
197712,0.49,asia
197801,0.38,asia
197802,-0.29,asia
197803,0.79,asia
197804,0.57,asia
197805,-0.15,asia
197806,-0.07,asia
197807,-0.21,asia
197808,-0.47,asia
197809,0.13,asia
197810,0.35,asia
197811,1.63,asia
197812,-0.07,asia
197901,-0.59,asia
197902,0.52,asia
197903,-0.08,asia
197904,-0.83,asia
197905,0.27,asia
197906,0.12,asia
197907,-0.02,asia
197908,-0.3,asia
197909,0.08,asia
197910,0.08,asia
197911,-0.03,asia
197912,1.73,asia
198001,-0.31,asia
198002,0.11,asia
198003,-0.84,asia
198004,-0.09,asia
198005,0.29,asia
198006,0.19,asia
198007,0.16,asia
198008,-0.05,asia
198009,0.13,asia
198010,0.29,asia
198011,0.88,asia
198012,1.56,asia
198101,2.0,asia
198102,1.21,asia
198103,0.96,asia
198104,0.97,asia
198105,0.22,asia
198106,0.56,asia
198107,0.3,asia
198108,0.4,asia
198109,0.03,asia
198110,-0.1,asia
198111,0.1,asia
198112,1.47,asia
198201,0.26,asia
198202,0.72,asia
198203,-0.58,asia
198204,1.29,asia
198205,0.28,asia
198206,-0.1,asia
198207,0.07,asia
198208,-0.08,asia
198209,0.04,asia
198210,-0.32,asia
198211,-0.1,asia
198212,1.26,asia
198301,1.87,asia
198302,0.85,asia
198303,0.9,asia
198304,-0.16,asia
198305,0.11,asia
198306,-0.02,asia
198307,0.2,asia
198308,0.36,asia
198309,0.54,asia
198310,0.42,asia
198311,1.75,asia
198312,1.69,asia
198401,1.16,asia
198402,-1.07,asia
198403,0.69,asia
198404,-0.62,asia
198405,0.92,asia
198406,0.23,asia
198407,0.13,asia
198408,-0.17,asia
198409,-0.11,asia
198410,-0.24,asia
198411,-0.6,asia
198412,-1.64,asia
198501,-0.26,asia
198502,-0.44,asia
198503,-0.46,asia
198504,0.62,asia
198505,-0.02,asia
198506,0.16,asia
198507,-0.37,asia
198508,0.19,asia
198509,0.01,asia
198510,0.06,asia
198511,0.63,asia
198512,0.26,asia
198601,0.87,asia
198602,0.38,asia
198603,0.59,asia
198604,0.38,asia
198605,0.08,asia
198606,0.25,asia
198607,0.03,asia
198608,-0.09,asia
198609,-0.01,asia
198610,0.26,asia
198611,0.7,asia
198612,-0.24,asia
198701,-0.08,asia
198702,1.3,asia
198703,-0.32,asia
198704,-0.6,asia
198705,0.21,asia
198706,-0.27,asia
198707,0.14,asia
198708,0.36,asia
198709,0.08,asia
198710,-0.35,asia
198711,-1.32,asia
198712,0.52,asia
198801,1.24,asia
198802,-0.07,asia
198803,0.4,asia
198804,0.42,asia
198805,0.29,asia
198806,0.69,asia
198807,0.71,asia
198808,0.22,asia
198809,0.88,asia
198810,0.81,asia
198811,1.13,asia
198812,2.43,asia
198901,0.63,asia
198902,1.74,asia
198903,2.12,asia
198904,-0.06,asia
198905,0.61,asia
198906,0.18,asia
198907,0.23,asia
198908,0.03,asia
198909,0.09,asia
198910,0.63,asia
198911,0.43,asia
198912,1.89,asia
199001,-0.09,asia
199002,1.58,asia
199003,3.11,asia
199004,1.01,asia
199005,0.93,asia
199006,0.62,asia
199007,0.23,asia
199008,0.33,asia
199009,0.2,asia
199010,0.81,asia
199011,1.03,asia
199012,1.49,asia
199101,1.38,asia
199102,0.38,asia
199103,-0.19,asia
199104,1.15,asia
199105,0.59,asia
199106,0.78,asia
199107,0.72,asia
199108,0.27,asia
199109,0.57,asia
199110,0.96,asia
199111,1.3,asia
199112,0.4,asia
199201,1.52,asia
199202,1.32,asia
199203,0.43,asia
199204,-0.06,asia
199205,0.34,asia
199206,-0.39,asia
199207,-0.29,asia
199208,-0.31,asia
199209,-0.5,asia
199210,-0.5,asia
199211,-0.29,asia
199212,1.4,asia
199301,1.48,asia
199302,2.26,asia
199303,1.37,asia
199304,-0.01,asia
199305,-0.04,asia
199306,0.28,asia
199307,0.19,asia
199308,-0.14,asia
199309,-0.27,asia
199310,0.01,asia
199311,-1.13,asia
199312,0.21,asia
199401,0.9,asia
199402,-0.28,asia
199403,0.75,asia
199404,0.64,asia
199405,0.68,asia
199406,0.78,asia
199407,0.18,asia
199408,0.22,asia
199409,0.29,asia
199410,1.08,asia
199411,1.22,asia
199412,0.23,asia
199501,1.79,asia
199502,3.35,asia
199503,1.45,asia
199504,1.3,asia
199505,0.59,asia
199506,0.73,asia
199507,0.33,asia
199508,0.75,asia
199509,0.57,asia
199510,1.21,asia
199511,1.96,asia
199512,0.95,asia
199601,0.24,asia
199602,1.03,asia
199603,0.64,asia
199604,-0.39,asia
199605,0.65,asia
199606,0.14,asia
199607,0.64,asia
199608,-0.24,asia
199609,-0.18,asia
199610,0.2,asia
199611,0.98,asia
199612,0.91,asia
199701,0.81,asia
199702,1.03,asia
199703,2.02,asia
199704,2.03,asia
199705,0.87,asia
199706,0.53,asia
199707,0.18,asia
199708,0.45,asia
199709,0.23,asia
199710,1.51,asia
199711,0.11,asia
199712,-0.17,asia
199801,0.28,asia
199802,1.32,asia
199803,1.07,asia
199804,0.7,asia
199805,0.45,asia
199806,1.07,asia
199807,1.16,asia
199808,1.2,asia
199809,0.47,asia
199810,0.48,asia
199811,-0.49,asia
199812,1.78,asia
199901,1.23,asia
199902,2.96,asia
199903,-1.03,asia
199904,0.91,asia
199905,0.74,asia
199906,0.41,asia
199907,0.93,asia
199908,0.39,asia
199909,0.51,asia
199910,1.03,asia
199911,0.49,asia
199912,2.24,asia
200001,0.41,asia
200002,1.59,asia
200003,1.41,asia
200004,2.28,asia
200005,1.15,asia
200006,1.02,asia
200007,0.83,asia
200008,0.83,asia
200009,0.45,asia
200010,-0.24,asia
200011,-0.73,asia
200012,0.25,asia
200101,-0.1,asia
200102,0.58,asia
200103,1.52,asia
200104,1.07,asia
200105,1.68,asia
200106,1.03,asia
200107,1.0,asia
200108,0.86,asia
200109,0.46,asia
200110,0.64,asia
200111,2.36,asia
200112,0.62,asia
200201,2.44,asia
200202,3.3,asia
200203,3.4,asia
200204,0.77,asia
200205,0.77,asia
200206,0.91,asia
200207,1.03,asia
200208,0.69,asia
200209,0.52,asia
200210,0.53,asia
200211,1.02,asia
200212,-1.21,asia
200301,1.5,asia
200302,1.51,asia
200303,1.32,asia
200304,0.87,asia
200305,0.86,asia
200306,0.47,asia
200307,0.51,asia
200308,0.95,asia
200309,1.07,asia
200310,1.3,asia
200311,0.4,asia
200312,2.28,asia
200401,1.75,asia
200402,2.0,asia
200403,1.77,asia
200404,0.79,asia
200405,0.92,asia
200406,0.61,asia
200407,0.46,asia
200408,0.32,asia
200409,0.84,asia
200410,0.45,asia
200411,2.34,asia
200412,0.38,asia
200501,1.71,asia
200502,-0.38,asia
200503,1.53,asia
200504,1.4,asia
200505,1.22,asia
200506,1.26,asia
200507,1.08,asia
200508,0.63,asia
200509,1.57,asia
200510,1.65,asia
200511,2.42,asia
200512,1.03,asia
200601,-0.88,asia
200602,1.72,asia
200603,1.62,asia
200604,-0.03,asia
200605,0.95,asia
200606,1.37,asia
200607,0.54,asia
200608,0.82,asia
200609,1.06,asia
200610,1.17,asia
200611,1.64,asia
200612,2.14,asia
200701,3.59,asia
200702,1.54,asia
200703,1.73,asia
200704,2.47,asia
200705,1.52,asia
200706,0.85,asia
200707,0.93,asia
200708,1.35,asia
200709,1.35,asia
200710,1.28,asia
200711,1.83,asia
200712,2.08,asia
200801,-0.28,asia
200802,1.03,asia
200803,4.04,asia
200804,1.3,asia
200805,1.27,asia
200806,1.0,asia
200807,0.91,asia
200808,0.84,asia
200809,0.64,asia
200810,2.02,asia
200811,2.12,asia
200812,1.69,asia
200901,1.64,asia
200902,1.08,asia
200903,1.74,asia
200904,1.6,asia
200905,0.95,asia
200906,0.82,asia
200907,0.6,asia
200908,0.65,asia
200909,1.29,asia
200910,1.49,asia
200911,0.34,asia
200912,-0.06,asia
201001,0.44,asia
201002,-0.2,asia
201003,1.2,asia
201004,0.83,asia
201005,1.67,asia
201006,1.49,asia
201007,1.5,asia
201008,1.18,asia
201009,0.87,asia
201010,1.42,asia
201011,2.65,asia
201012,0.33,asia
201101,0.09,asia
201102,0.6,asia
201103,1.69,asia
201104,2.27,asia
201105,1.38,asia
201106,1.43,asia
201107,0.98,asia
201108,0.92,asia
201109,0.78,asia
201110,1.89,asia
201111,0.91,asia
201112,1.36,asia
201201,0.3,asia
201202,-0.1,asia
201203,0.56,asia
201204,2.36,asia
201205,1.95,asia
201206,1.84,asia
201207,1.37,asia
201208,0.82,asia
201209,1.15,asia
201210,1.17,asia
201211,1.16,asia
201212,-0.68,asia
201301,0.65,asia
201302,1.29,asia
201303,1.2,asia
201304,1.49,asia
201305,1.62,asia
201306,1.1,asia
201307,0.82,asia
201308,0.94,asia
201309,0.55,asia
201310,0.89,asia
201311,2.94,asia
201312,2.63,asia
201401,0.63,asia
201402,-0.01,asia
201403,3.01,asia
201404,2.33,asia
201405,1.36,asia
201406,1.1,asia
201407,0.5,asia
201408,1.07,asia
201409,0.54,asia
201410,0.4,asia
201411,0.81,asia
201412,1.62,asia
201501,2.35,asia
201502,3.23,asia
201503,2.54,asia
201504,1.61,asia
201505,1.63,asia
201506,1.46,asia
201507,0.92,asia
201508,0.89,asia
201509,1.08,asia
201510,1.16,asia
201511,1.45,asia
201512,2.83,asia
201601,1.67,asia
201602,3.35,asia
201603,3.58,asia
201604,2.69,asia
201605,1.32,asia
201606,1.45,asia
201607,1.33,asia
201608,1.58,asia
201609,1.86,asia
201610,0.32,asia
201611,-0.06,asia
201612,1.79,asia
201701,2.25,asia
201702,2.35,asia
201703,3.32,asia
201704,2.15,asia
201705,1.25,asia
201706,1.24,asia
201707,1.15,asia
201708,1.3,asia
201709,1.12,asia
201710,1.0,asia
201711,1.9,asia
201712,2.38,asia
201801,1.31,asia
201802,1.84,asia
201803,2.15,asia
201804,1.84,asia
201805,1.03,asia
201806,1.52,asia
201807,1.15,asia
201808,1.23,asia
201809,1.26,asia
201810,2.1,asia
201811,1.13,asia
201812,0.97,asia
201901,2.34,asia
201902,2.05,asia
201903,3.22,asia
201904,2.17,asia
201905,1.31,asia
201906,1.52,asia
201907,1.05,asia
201908,1.21,asia
201909,1.39,asia
201910,1.91,asia
201911,1.2,asia
201912,2.2,asia
202001,3.51,asia
202002,4.16,asia
202003,3.68,asia
202004,2.56,asia
202005,2.31,asia
202006,1.4,asia
202007,1.4,asia
202008,1.14,asia
202009,1.77,asia
202010,1.49,asia
202011,2.71,asia
202012,0.64,asia
202101,0.45,asia
202102,1.8,asia
202103,2.37,asia
202104,1.81,asia
202105,2.15,asia
202106,1.69,asia
202107,1.64,asia
202108,1.59,asia
202109,1.19,asia
202110,1.42,asia
202111,2.0,asia
202112,1.62,asia
202201,2.66,asia
202202,2.46,asia
202203,2.76,asia
202204,2.67,asia
202205,1.73,asia
202206,1.86,asia
202207,1.44,asia
202208,1.35,asia
202209,1.26,asia
202210,1.81,asia
202211,1.61,asia
202212,1.18,asia
202301,0.93,asia
202302,3.07,asia
202303,3.9,asia
202304,1.25,asia
202305,1.24,asia
202306,1.55,asia
202307,1.65,asia
202308,1.91,asia
202309,1.92,asia
202310,2.67,asia
202311,3.1,asia
202312,1.76,asia
202401,2.41,asia
202402,1.69,asia
202403,2.54,asia
202404,2.71,asia
202405,1.59,asia
202406,2.05,asia
202407,1.84,asia
202408,1.71,asia
202409,1.69,asia
202410,1.89,asia
202411,3.38,asia
202412,2.78,asia
202501,3.37,asia
202502,2.56,asia
202503,2.96,asia
202504,3.28,asia
202505,2.05,asia
202506,1.66,asia
202507,1.56,asia
202508,1.57,asia
202509,1.7,asia
202510,1.18,asia
202511,2.22,asia
202512,2.15,asia
202601,1.25,asia
185001,-3.35,europe
185002,0.25,europe
185003,-1.97,europe
185004,-0.53,europe
185005,-0.56,europe
185006,0.46,europe
185007,0.08,europe
185008,0.33,europe
185009,-0.84,europe
185010,-0.54,europe
185011,-0.27,europe
185012,0.09,europe
185101,0.01,europe
185102,-0.39,europe
185103,-0.66,europe
185104,0.44,europe
185105,-0.22,europe
185106,-0.48,europe
185107,-0.47,europe
185108,-0.1,europe
185109,-0.36,europe
185110,0.77,europe
185111,0.04,europe
185112,-0.11,europe
185201,0.42,europe
185202,-0.36,europe
185203,-1.19,europe
185204,-1.93,europe
185205,-0.29,europe
185206,0.48,europe
185207,-0.02,europe
185208,0.11,europe
185209,0.0,europe
185210,-0.6,europe
185211,0.3,europe
185212,0.82,europe
185301,1.41,europe
185302,0.19,europe
185303,-1.65,europe
185304,-1.05,europe
185305,-0.33,europe
185306,0.2,europe
185307,0.53,europe
185308,0.02,europe
185309,-0.22,europe
185310,0.67,europe
185311,-0.4,europe
185312,-1.4,europe
185401,-0.67,europe
185402,-0.9,europe
185403,-0.9,europe
185404,-1.05,europe
185405,0.52,europe
185406,-0.19,europe
185407,0.33,europe
185408,0.01,europe
185409,-0.58,europe
185410,0.37,europe
185411,-1.02,europe
185412,0.65,europe
185501,-1.44,europe
185502,-1.84,europe
185503,-0.34,europe
185504,-0.62,europe
185505,-0.51,europe
185506,0.24,europe
185507,0.41,europe
185508,-0.2,europe
185509,-1.08,europe
185510,0.63,europe
185511,-0.8,europe
185512,-2.64,europe
185601,0.86,europe
185602,-0.13,europe
185603,-2.13,europe
185604,-0.47,europe
185605,-0.63,europe
185606,0.11,europe
185607,-0.94,europe
185608,-0.48,europe
185609,-0.72,europe
185610,-0.43,europe
185611,-2.67,europe
185612,0.06,europe
185701,-0.09,europe
185702,-0.94,europe
185703,-0.6,europe
185704,-0.1,europe
185705,-0.68,europe
185706,-0.4,europe
185707,-0.26,europe
185708,0.08,europe
185709,-0.52,europe
185710,0.66,europe
185711,-0.45,europe
185712,0.46,europe
185801,-1.55,europe
185802,-2.06,europe
185803,-0.95,europe
185804,-0.6,europe
185805,-0.36,europe
185806,0.78,europe
185807,0.19,europe
185808,0.06,europe
185809,0.32,europe
185810,0.73,europe
185811,-1.79,europe
185812,-0.33,europe
185901,0.27,europe
185902,0.89,europe
185903,0.41,europe
185904,0.25,europe
185905,0.55,europe
185906,0.24,europe
185907,0.55,europe
185908,0.79,europe
185909,0.19,europe
185910,0.46,europe
185911,-0.48,europe
185912,-0.97,europe
186001,0.69,europe
186002,-1.18,europe
186003,-1.46,europe
186004,-0.14,europe
186005,-0.31,europe
186006,0.49,europe
186007,-0.36,europe
186008,-0.15,europe
186009,-0.05,europe
186010,-0.67,europe
186011,-1.27,europe
186012,-1.37,europe
186101,-2.99,europe
186102,0.69,europe
186103,0.48,europe
186104,-1.21,europe
186105,-1.53,europe
186106,0.54,europe
186107,0.43,europe
186108,0.15,europe
186109,-0.31,europe
186110,0.26,europe
186111,-0.22,europe
186112,-0.83,europe
186201,-1.99,europe
186202,-1.75,europe
186203,0.09,europe
186204,0.53,europe
186205,0.6,europe
186206,0.12,europe
186207,-0.27,europe
186208,-0.75,europe
186209,-0.29,europe
186210,-0.27,europe
186211,-0.73,europe
186212,-2.0,europe
186301,1.13,europe
186302,0.78,europe
186303,0.64,europe
186304,-0.34,europe
186305,0.4,europe
186306,0.19,europe
186307,-0.56,europe
186308,0.14,europe
186309,0.51,europe
186310,0.48,europe
186311,0.39,europe
186312,-0.12,europe
186401,-2.34,europe
186402,-0.43,europe
186403,0.64,europe
186404,-0.77,europe
186405,-1.43,europe
186406,0.35,europe
186407,-0.53,europe
186408,-1.11,europe
186409,-0.35,europe
186410,-1.15,europe
186411,-1.24,europe
186412,-1.7,europe
186501,0.83,europe
186502,-1.66,europe
186503,-1.78,europe
186504,0.01,europe
186505,0.7,europe
186506,-0.82,europe
186507,0.69,europe
186508,-0.41,europe
186509,-0.09,europe
186510,0.13,europe
186511,0.55,europe
186512,-0.31,europe
186601,1.4,europe
186602,0.66,europe
186603,-0.27,europe
186604,0.24,europe
186605,-1.22,europe
186606,0.86,europe
186607,-0.27,europe
186608,-0.34,europe
186609,1.01,europe
186610,-0.82,europe
186611,-1.07,europe
186612,-0.47,europe
186701,-0.33,europe
186702,1.17,europe
186703,-1.28,europe
186704,-0.34,europe
186705,-1.01,europe
186706,-0.84,europe
186707,-0.76,europe
186708,-0.38,europe
186709,-0.23,europe
186710,-0.19,europe
186711,-1.87,europe
186712,-2.07,europe
186801,-0.71,europe
186802,-0.05,europe
186803,0.06,europe
186804,-0.37,europe
186805,1.09,europe
186806,0.66,europe
186807,0.37,europe
186808,0.72,europe
186809,0.4,europe
186810,0.59,europe
186811,-1.06,europe
186812,1.17,europe
186901,-0.55,europe
186902,2.0,europe
186903,-0.16,europe
186904,0.44,europe
186905,0.45,europe
186906,-0.49,europe
186907,-0.02,europe
186908,-0.37,europe
186909,-0.12,europe
186910,-0.53,europe
186911,-0.61,europe
186912,0.23,europe
187001,0.31,europe
187002,-2.55,europe
187003,-0.94,europe
187004,-0.9,europe
187005,0.33,europe
187006,-0.17,europe
187007,0.2,europe
187008,-0.6,europe
187009,-0.87,europe
187010,-1.03,europe
187011,0.43,europe
187012,-2.26,europe
187101,-1.53,europe
187102,-2.12,europe
187103,0.21,europe
187104,-0.51,europe
187105,-1.37,europe
187106,-1.14,europe
187107,0.22,europe
187108,-0.03,europe
187109,-0.51,europe
187110,-1.37,europe
187111,-1.04,europe
187112,-2.32,europe
187201,0.71,europe
187202,-0.21,europe
187203,0.55,europe
187204,0.81,europe
187205,0.97,europe
187206,0.01,europe
187207,0.12,europe
187208,-0.37,europe
187209,0.22,europe
187210,0.58,europe
187211,1.18,europe
187212,0.62,europe
187301,1.7,europe
187302,-0.26,europe
187303,0.76,europe
187304,-0.74,europe
187305,-1.04,europe
187306,-0.19,europe
187307,0.47,europe
187308,0.33,europe
187309,-0.23,europe
187310,0.31,europe
187311,-0.15,europe
187312,-0.11,europe
187401,0.73,europe
187402,-0.14,europe
187403,-1.15,europe
187404,0.48,europe
187405,-1.91,europe
187406,-0.15,europe
187407,0.5,europe
187408,-0.5,europe
187409,0.45,europe
187410,0.57,europe
187411,-0.89,europe
187412,-0.25,europe
187501,-0.58,europe
187502,-1.79,europe
187503,-2.59,europe
187504,-1.55,europe
187505,0.21,europe
187506,1.08,europe
187507,-0.24,europe
187508,0.02,europe
187509,-0.73,europe
187510,-1.08,europe
187511,-1.19,europe
187512,-2.75,europe
187601,-1.81,europe
187602,0.0,europe
187603,0.55,europe
187604,0.49,europe
187605,-1.55,europe
187606,0.44,europe
187607,0.07,europe
187608,0.03,europe
187609,-0.16,europe
187610,-0.15,europe
187611,-2.15,europe
187612,-0.56,europe
187701,0.76,europe
187702,-0.1,europe
187703,-1.1,europe
187704,-0.92,europe
187705,-1.08,europe
187706,0.36,europe
187707,-0.27,europe
187708,0.03,europe
187709,-1.41,europe
187710,-1.19,europe
187711,0.77,europe
187712,-0.25,europe
187801,-0.72,europe
187802,0.29,europe
187803,-0.51,europe
187804,0.39,europe
187805,0.11,europe
187806,0.34,europe
187807,-0.76,europe
187808,-0.01,europe
187809,0.72,europe
187810,0.88,europe
187811,0.44,europe
187812,-0.28,europe
187901,-0.31,europe
187902,0.8,europe
187903,-0.74,europe
187904,-0.44,europe
187905,-1.0,europe
187906,0.01,europe
187907,-0.88,europe
187908,0.08,europe
187909,0.27,europe
187910,-0.45,europe
187911,-1.8,europe
187912,-3.22,europe
188001,-1.79,europe
188002,-0.69,europe
188003,-0.9,europe
188004,0.13,europe
188005,-0.94,europe
188006,-0.28,europe
188007,0.34,europe
188008,-0.13,europe
188009,0.2,europe
188010,-0.8,europe
188011,-0.29,europe
188012,-0.07,europe
188101,-1.84,europe
188102,-0.92,europe
188103,-0.84,europe
188104,-1.22,europe
188105,-0.65,europe
188106,-0.75,europe
188107,-0.08,europe
188108,-0.1,europe
188109,-0.73,europe
188110,-1.6,europe
188111,-0.48,europe
188112,-0.47,europe
188201,1.01,europe
188202,0.24,europe
188203,1.46,europe
188204,-0.14,europe
188205,-0.19,europe
188206,-0.65,europe
188207,0.35,europe
188208,-0.24,europe
188209,0.06,europe
188210,-0.56,europe
188211,-0.56,europe
188212,-0.81,europe
188301,-0.98,europe
188302,-0.16,europe
188303,-2.09,europe
188304,-0.96,europe
188305,-0.16,europe
188306,0.41,europe
188307,0.01,europe
188308,-0.52,europe
188309,-0.04,europe
188310,-0.22,europe
188311,0.39,europe
188312,-0.45,europe
188401,0.45,europe
188402,1.14,europe
188403,0.16,europe
188404,-0.92,europe
188405,-0.59,europe
188406,-0.99,europe
188407,-0.19,europe
188408,-0.79,europe
188409,-0.4,europe
188410,-0.44,europe
188411,-1.52,europe
188412,0.19,europe
188501,-1.44,europe
188502,1.14,europe
188503,-0.15,europe
188504,0.07,europe
188505,-0.73,europe
188506,-0.01,europe
188507,0.29,europe
188508,-0.96,europe
188509,-0.59,europe
188510,-0.53,europe
188511,-0.76,europe
188512,-0.75,europe
188601,-0.11,europe
188602,-1.22,europe
188603,-1.3,europe
188604,0.0,europe
188605,-0.08,europe
188606,-0.35,europe
188607,-0.57,europe
188608,-0.34,europe
188609,0.16,europe
188610,-0.04,europe
188611,0.32,europe
188612,0.51,europe
188701,-0.09,europe
188702,-0.48,europe
188703,-0.71,europe
188704,-0.64,europe
188705,-0.27,europe
188706,-0.58,europe
188707,0.09,europe
188708,-0.44,europe
188709,0.26,europe
188710,-1.26,europe
188711,-0.26,europe
188712,-0.79,europe
188801,-1.55,europe
188802,-2.03,europe
188803,-1.72,europe
188804,-0.95,europe
188805,-0.54,europe
188806,-0.33,europe
188807,-1.05,europe
188808,-0.91,europe
188809,-0.36,europe
188810,-0.78,europe
188811,-1.48,europe
188812,-0.64,europe
188901,-1.22,europe
188902,-0.92,europe
188903,-1.79,europe
188904,-0.54,europe
188905,1.11,europe
188906,0.84,europe
188907,-0.16,europe
188908,-0.48,europe
188909,-1.15,europe
188910,0.44,europe
188911,0.09,europe
188912,-1.53,europe
189001,0.84,europe
189002,-0.99,europe
189003,0.38,europe
189004,0.23,europe
189005,0.5,europe
189006,-0.55,europe
189007,-0.51,europe
189008,0.52,europe
189009,-0.37,europe
189010,-0.97,europe
189011,-0.53,europe
189012,-2.72,europe
189101,-2.18,europe
189102,-0.88,europe
189103,-0.42,europe
189104,-1.13,europe
189105,-0.13,europe
189106,-0.41,europe
189107,0.1,europe
189108,-0.68,europe
189109,-0.22,europe
189110,0.48,europe
189111,-0.95,europe
189112,0.36,europe
189201,-0.96,europe
189202,0.11,europe
189203,-0.75,europe
189204,-0.41,europe
189205,-0.38,europe
189206,0.05,europe
189207,-0.7,europe
189208,0.03,europe
189209,0.63,europe
189210,-0.33,europe
189211,-0.47,europe
189212,-1.8,europe
189301,-4.03,europe
189302,-1.22,europe
189303,-0.45,europe
189304,-0.91,europe
189305,-0.58,europe
189306,0.02,europe
189307,-0.16,europe
189308,-0.18,europe
189309,-0.65,europe
189310,0.64,europe
189311,-0.45,europe
189312,0.03,europe
189401,-1.08,europe
189402,0.49,europe
189403,0.41,europe
189404,0.69,europe
189405,-0.19,europe
189406,-0.61,europe
189407,0.15,europe
189408,-0.32,europe
189409,-1.58,europe
189410,-0.39,europe
189411,0.07,europe
189412,-0.31,europe
189501,-0.33,europe
189502,-2.17,europe
189503,-1.18,europe
189504,-0.26,europe
189505,0.05,europe
189506,-0.01,europe
189507,0.06,europe
189508,-0.24,europe
189509,0.21,europe
189510,0.02,europe
189511,0.43,europe
189512,-0.56,europe
189601,-1.15,europe
189602,-0.25,europe
189603,0.51,europe
189604,-1.23,europe
189605,-0.75,europe
189606,0.31,europe
189607,0.3,europe
189608,-0.51,europe
189609,0.07,europe
189610,0.49,europe
189611,-1.39,europe
189612,-0.39,europe
189701,-0.61,europe
189702,0.08,europe
189703,0.29,europe
189704,0.32,europe
189705,0.12,europe
189706,0.3,europe
189707,0.38,europe
189708,0.29,europe
189709,0.05,europe
189710,-0.32,europe
189711,-1.36,europe
189712,-0.75,europe
189801,1.01,europe
189802,0.2,europe
189803,-1.04,europe
189804,-0.43,europe
189805,-0.22,europe
189806,-0.4,europe
189807,-0.77,europe
189808,0.09,europe
189809,-0.1,europe
189810,-0.05,europe
189811,0.78,europe
189812,0.6,europe
189901,1.19,europe
189902,0.79,europe
189903,-0.86,europe
189904,-0.01,europe
189905,-0.38,europe
189906,-0.82,europe
189907,0.28,europe
189908,-0.53,europe
189909,0.14,europe
189910,-0.14,europe
189911,0.64,europe
189912,-2.0,europe
190001,0.34,europe
190002,0.3,europe
190003,-1.54,europe
190004,-0.77,europe
190005,-0.9,europe
190006,-0.16,europe
190007,0.1,europe
190008,-0.07,europe
190009,-0.37,europe
190010,0.47,europe
190011,0.34,europe
190012,0.56,europe
190101,-0.81,europe
190102,-1.63,europe
190103,-0.09,europe
190104,0.29,europe
190105,-0.13,europe
190106,0.96,europe
190107,0.7,europe
190108,0.03,europe
190109,-0.17,europe
190110,0.26,europe
190111,-1.17,europe
190112,0.01,europe
190201,0.93,europe
190202,0.16,europe
190203,-0.47,europe
190204,-0.76,europe
190205,-1.76,europe
190206,-0.79,europe
190207,-1.18,europe
190208,-0.87,europe
190209,-0.82,europe
190210,-1.03,europe
190211,-1.68,europe
190212,-1.84,europe
190301,-0.19,europe
190302,1.58,europe
190303,1.16,europe
190304,-0.68,europe
190305,-0.19,europe
190306,-0.37,europe
190307,-0.73,europe
190308,-0.59,europe
190309,-0.27,europe
190310,-0.58,europe
190311,-0.06,europe
190312,-0.19,europe
190401,-0.24,europe
190402,0.57,europe
190403,-0.83,europe
190404,-0.14,europe
190405,-0.71,europe
190406,-0.46,europe
190407,-0.07,europe
190408,-0.27,europe
190409,-0.87,europe
190410,0.11,europe
190411,-1.25,europe
190412,-0.24,europe
190501,-1.49,europe
190502,-0.26,europe
190503,0.01,europe
190504,-0.83,europe
190505,-0.11,europe
190506,0.43,europe
190507,0.5,europe
190508,0.01,europe
190509,-0.1,europe
190510,-1.58,europe
190511,0.14,europe
190512,-0.02,europe
190601,0.42,europe
190602,0.11,europe
190603,-0.26,europe
190604,0.17,europe
190605,0.38,europe
190606,-0.02,europe
190607,-0.05,europe
190608,-0.54,europe
190609,-0.81,europe
190610,-0.2,europe
190611,0.73,europe
190612,-0.78,europe
190701,-1.23,europe
190702,-1.21,europe
190703,-1.03,europe
190704,-1.2,europe
190705,0.07,europe
190706,-0.18,europe
190707,-1.01,europe
190708,-0.81,europe
190709,-0.61,europe
190710,1.16,europe
190711,-0.66,europe
190712,-0.55,europe
190801,-0.38,europe
190802,0.55,europe
190803,-0.93,europe
190804,-1.13,europe
190805,0.26,europe
190806,0.15,europe
190807,-0.36,europe
190808,-0.68,europe
190809,-0.66,europe
190810,-0.25,europe
190811,-1.95,europe
190812,-0.86,europe
190901,-0.84,europe
190902,-1.9,europe
190903,-1.1,europe
190904,-0.75,europe
190905,-0.83,europe
190906,-0.84,europe
190907,-0.78,europe
190908,-0.16,europe
190909,0.29,europe
190910,1.12,europe
190911,-0.92,europe
190912,0.7,europe
191001,0.78,europe
191002,1.89,europe
191003,0.24,europe
191004,-0.06,europe
191005,-0.22,europe
191006,0.22,europe
191007,-0.75,europe
191008,-0.66,europe
191009,-0.59,europe
191010,-0.58,europe
191011,-0.62,europe
191012,0.83,europe
191101,-0.44,europe
191102,-1.56,europe
191103,-0.55,europe
191104,-0.88,europe
191105,0.15,europe
191106,-0.79,europe
191107,-0.15,europe
191108,0.71,europe
191109,0.15,europe
191110,-0.46,europe
191111,0.61,europe
191112,0.95,europe
191201,-1.29,europe
191202,0.22,europe
191203,1.41,europe
191204,-1.07,europe
191205,-0.84,europe
191206,0.04,europe
191207,-0.57,europe
191208,-1.13,europe
191209,-1.89,europe
191210,-1.81,europe
191211,-1.0,europe
191212,0.71,europe
191301,-0.21,europe
191302,-0.32,europe
191303,0.88,europe
191304,0.2,europe
191305,-0.61,europe
191306,-0.72,europe
191307,-1.09,europe
191308,-0.65,europe
191309,-0.15,europe
191310,-0.24,europe
191311,1.08,europe
191312,0.22,europe
191401,-1.06,europe
191402,1.33,europe
191403,0.81,europe
191404,0.51,europe
191405,-0.48,europe
191406,-0.57,europe
191407,0.13,europe
191408,-0.5,europe
191409,-0.79,europe
191410,-0.93,europe
191411,-1.15,europe
191412,0.86,europe
191501,0.81,europe
191502,0.27,europe
191503,-1.25,europe
191504,-0.52,europe
191505,-0.51,europe
191506,-0.06,europe
191507,-0.2,europe
191508,-0.87,europe
191509,-1.13,europe
191510,-1.22,europe
191511,-1.17,europe
191512,-0.03,europe
191601,1.37,europe
191602,0.54,europe
191603,0.11,europe
191604,0.06,europe
191605,-0.21,europe
191606,-0.55,europe
191607,-0.03,europe
191608,-0.69,europe
191609,-1.1,europe
191610,-0.58,europe
191611,0.64,europe
191612,0.78,europe
191701,-0.68,europe
191702,-2.38,europe
191703,-1.85,europe
191704,-1.02,europe
191705,-0.67,europe
191706,0.81,europe
191707,-0.26,europe
191708,0.52,europe
191709,0.28,europe
191710,-0.18,europe
191711,0.49,europe
191712,-1.46,europe
191801,-0.05,europe
191802,0.37,europe
191803,-0.14,europe
191804,0.33,europe
191805,-0.48,europe
191806,-1.21,europe
191807,-0.36,europe
191808,-0.61,europe
191809,0.2,europe
191810,0.43,europe
191811,-0.04,europe
191812,0.55,europe
191901,0.9,europe
191902,-0.35,europe
191903,-0.41,europe
191904,-0.56,europe
191905,-1.24,europe
191906,-0.4,europe
191907,-0.84,europe
191908,-0.75,europe
191909,0.47,europe
191910,-0.7,europe
191911,-1.84,europe
191912,-0.64,europe
192001,0.63,europe
192002,0.39,europe
192003,1.49,europe
192004,1.27,europe
192005,0.99,europe
192006,-0.39,europe
192007,0.27,europe
192008,-0.34,europe
192009,-0.08,europe
192010,-1.49,europe
192011,-1.59,europe
192012,-0.68,europe
192101,1.57,europe
192102,-0.48,europe
192103,0.93,europe
192104,0.48,europe
192105,1.01,europe
192106,-0.42,europe
192107,-0.02,europe
192108,0.1,europe
192109,-0.58,europe
192110,0.14,europe
192111,-1.77,europe
192112,-0.59,europe
192201,-0.93,europe
192202,-0.72,europe
192203,0.3,europe
192204,-0.73,europe
192205,0.38,europe
192206,0.09,europe
192207,-0.19,europe
192208,-0.42,europe
192209,-0.95,europe
192210,-1.24,europe
192211,-0.85,europe
192212,-0.28,europe
192301,1.1,europe
192302,-0.47,europe
192303,0.44,europe
192304,-1.08,europe
192305,0.05,europe
192306,-1.79,europe
192307,-0.02,europe
192308,-0.8,europe
192309,-0.04,europe
192310,0.88,europe
192311,0.71,europe
192312,-0.28,europe
192401,-1.18,europe
192402,-1.46,europe
192403,-0.99,europe
192404,-0.79,europe
192405,0.59,europe
192406,0.2,europe
192407,-0.3,europe
192408,-0.56,europe
192409,0.72,europe
192410,0.33,europe
192411,-0.32,europe
192412,0.04,europe
192501,1.42,europe
192502,2.03,europe
192503,-0.49,europe
192504,0.09,europe
192505,0.26,europe
192506,-0.83,europe
192507,0.05,europe
192508,-0.21,europe
192509,-0.69,europe
192510,-0.65,europe
192511,-0.54,europe
192512,-0.99,europe
192601,-0.12,europe
192602,0.9,europe
192603,-0.15,europe
192604,0.44,europe
192605,-0.51,europe
192606,-0.55,europe
192607,-0.26,europe
192608,-0.77,europe
192609,0.01,europe
192610,-0.37,europe
192611,1.79,europe
192612,-0.31,europe
192701,0.23,europe
192702,-0.58,europe
192703,1.09,europe
192704,-0.15,europe
192705,-0.7,europe
192706,-0.01,europe
192707,0.53,europe
192708,0.46,europe
192709,0.28,europe
192710,-0.06,europe
192711,-0.49,europe
192712,-1.99,europe
192801,0.29,europe
192802,-0.13,europe
192803,-1.15,europe
192804,0.12,europe
192805,-0.97,europe
192806,-1.08,europe
192807,0.25,europe
192808,-0.24,europe
192809,0.01,europe
192810,-0.41,europe
192811,1.12,europe
192812,-0.38,europe
192901,-1.76,europe
192902,-4.61,europe
192903,-1.47,europe
192904,-2.27,europe
192905,0.51,europe
192906,-0.54,europe
192907,-0.45,europe
192908,0.4,europe
192909,0.11,europe
192910,0.62,europe
192911,1.12,europe
192912,1.51,europe
193001,1.79,europe
193002,0.08,europe
193003,0.77,europe
193004,0.48,europe
193005,-0.13,europe
193006,0.37,europe
193007,-0.11,europe
193008,0.13,europe
193009,-0.21,europe
193010,0.27,europe
193011,0.96,europe
193012,0.12,europe
193101,0.11,europe
193102,-0.78,europe
193103,-1.16,europe
193104,-1.2,europe
193105,0.68,europe
193106,0.04,europe
193107,0.33,europe
193108,-0.43,europe
193109,-1.53,europe
193110,-0.68,europe
193111,-0.07,europe
193112,-0.81,europe
193201,1.03,europe
193202,-1.9,europe
193203,-1.84,europe
193204,-0.52,europe
193205,-0.11,europe
193206,-0.67,europe
193207,0.15,europe
193208,0.52,europe
193209,0.88,europe
193210,0.59,europe
193211,0.17,europe
193212,1.06,europe
193301,-0.84,europe
193302,-0.27,europe
193303,-0.1,europe
193304,-1.0,europe
193305,-0.75,europe
193306,-0.86,europe
193307,0.02,europe
193308,-0.13,europe
193309,-0.32,europe
193310,0.21,europe
193311,-0.15,europe
193312,-2.34,europe
193401,0.42,europe
193402,0.16,europe
193403,0.88,europe
193404,0.82,europe
193405,0.9,europe
193406,-0.07,europe
193407,0.45,europe
193408,0.06,europe
193409,0.98,europe
193410,0.73,europe
193411,0.73,europe
193412,1.2,europe
193501,-0.86,europe
193502,0.51,europe
193503,-0.46,europe
193504,-0.07,europe
193505,-1.08,europe
193506,0.62,europe
193507,-0.23,europe
193508,-0.1,europe
193509,0.25,europe
193510,0.86,europe
193511,0.17,europe
193512,0.82,europe
193601,2.31,europe
193602,-0.18,europe
193603,0.96,europe
193604,-0.04,europe
193605,0.13,europe
193606,0.25,europe
193607,0.8,europe
193608,-0.03,europe
193609,-0.37,europe
193610,-1.38,europe
193611,0.44,europe
193612,0.73,europe
193701,-0.48,europe
193702,0.59,europe
193703,0.53,europe
193704,0.46,europe
193705,1.15,europe
193706,0.63,europe
193707,0.57,europe
193708,0.76,europe
193709,0.95,europe
193710,0.6,europe
193711,0.62,europe
193712,-0.16,europe
193801,0.5,europe
193802,0.82,europe
193803,1.37,europe
193804,-0.77,europe
193805,-0.71,europe
193806,0.33,europe
193807,0.73,europe
193808,0.9,europe
193809,0.44,europe
193810,0.85,europe
193811,1.66,europe
193812,-0.36,europe
193901,1.47,europe
193902,1.58,europe
193903,-0.69,europe
193904,0.38,europe
193905,-0.53,europe
193906,0.11,europe
193907,0.19,europe
193908,0.64,europe
193909,-0.15,europe
193910,-0.77,europe
193911,0.53,europe
193912,-0.69,europe
194001,-3.25,europe
194002,-2.09,europe
194003,-1.6,europe
194004,-0.4,europe
194005,-0.38,europe
194006,-0.01,europe
194007,-0.34,europe
194008,-0.81,europe
194009,-0.32,europe
194010,-0.42,europe
194011,0.93,europe
194012,-1.58,europe
194101,-2.15,europe
194102,0.23,europe
194103,-0.53,europe
194104,-0.79,europe
194105,-1.46,europe
194106,-0.53,europe
194107,0.66,europe
194108,-0.63,europe
194109,-1.07,europe
194110,-1.2,europe
194111,-1.63,europe
194112,-1.45,europe
194201,-4.23,europe
194202,-2.43,europe
194203,-2.1,europe
194204,-0.58,europe
194205,-0.12,europe
194206,-0.23,europe
194207,-0.44,europe
194208,0.24,europe
194209,0.72,europe
194210,0.52,europe
194211,-0.73,europe
194212,0.22,europe
194301,-1.09,europe
194302,1.11,europe
194303,0.55,europe
194304,0.67,europe
194305,-0.08,europe
194306,-0.1,europe
194307,-0.24,europe
194308,0.49,europe
194309,0.53,europe
194310,0.99,europe
194311,0.35,europe
194312,0.67,europe
194401,1.07,europe
194402,0.31,europe
194403,-0.61,europe
194404,-0.21,europe
194405,-0.65,europe
194406,-0.48,europe
194407,-0.01,europe
194408,0.6,europe
194409,0.15,europe
194410,0.46,europe
194411,0.24,europe
194412,-0.09,europe
194501,-1.49,europe
194502,0.52,europe
194503,0.16,europe
194504,0.28,europe
194505,0.41,europe
194506,0.13,europe
194507,0.57,europe
194508,0.31,europe
194509,0.24,europe
194510,-0.41,europe
194511,-0.08,europe
194512,-0.49,europe
194601,-0.32,europe
194602,0.32,europe
194603,-0.06,europe
194604,0.9,europe
194605,0.49,europe
194606,0.33,europe
194607,0.59,europe
194608,0.62,europe
194609,1.05,europe
194610,-1.35,europe
194611,0.12,europe
194612,-0.69,europe
194701,-1.8,europe
194702,-2.48,europe
194703,-0.08,europe
194704,0.87,europe
194705,0.6,europe
194706,1.06,europe
194707,0.81,europe
194708,0.57,europe
194709,1.01,europe
194710,-0.62,europe
194711,0.54,europe
194712,0.67,europe
194801,1.76,europe
194802,0.21,europe
194803,0.49,europe
194804,0.87,europe
194805,0.63,europe
194806,0.08,europe
194807,-0.56,europe
194808,-0.08,europe
194809,0.0,europe
194810,-0.01,europe
194811,-0.06,europe
194812,-0.34,europe
194901,1.2,europe
194902,0.73,europe
194903,-0.92,europe
194904,0.44,europe
194905,0.53,europe
194906,-0.49,europe
194907,-0.09,europe
194908,-0.39,europe
194909,0.88,europe
194910,0.47,europe
194911,1.19,europe
194912,1.33,europe
195001,-2.15,europe
195002,0.77,europe
195003,0.69,europe
195004,1.21,europe
195005,0.6,europe
195006,0.51,europe
195007,0.34,europe
195008,0.25,europe
195009,0.46,europe
195010,-0.19,europe
195011,0.41,europe
195012,0.35,europe
195101,0.36,europe
195102,0.54,europe
195103,-0.1,europe
195104,0.59,europe
195105,-0.59,europe
195106,-0.05,europe
195107,-0.2,europe
195108,0.69,europe
195109,0.79,europe
195110,-0.84,europe
195111,0.74,europe
195112,0.77,europe
195201,0.89,europe
195202,0.3,europe
195203,-1.55,europe
195204,1.09,europe
195205,-0.44,europe
195206,-0.11,europe
195207,0.31,europe
195208,0.63,europe
195209,-0.43,europe
195210,-0.12,europe
195211,-0.54,europe
195212,-0.12,europe
195301,0.12,europe
195302,-0.64,europe
195303,0.01,europe
195304,0.54,europe
195305,0.12,europe
195306,0.78,europe
195307,0.44,europe
195308,0.16,europe
195309,0.1,europe
195310,0.82,europe
195311,-0.4,europe
195312,0.36,europe
195401,-2.06,europe
195402,-3.04,europe
195403,0.41,europe
195404,-1.11,europe
195405,0.16,europe
195406,0.69,europe
195407,-0.29,europe
195408,0.06,europe
195409,0.64,europe
195410,0.26,europe
195411,0.33,europe
195412,1.58,europe
195501,0.88,europe
195502,0.33,europe
195503,-1.06,europe
195504,-0.99,europe
195505,-0.6,europe
195506,-0.46,europe
195507,0.29,europe
195508,0.31,europe
195509,0.67,europe
195510,0.47,europe
195511,-0.36,europe
195512,-0.1,europe
195601,0.4,europe
195602,-4.37,europe
195603,-1.31,europe
195604,-0.89,europe
195605,-0.32,europe
195606,-0.18,europe
195607,-0.53,europe
195608,-0.62,europe
195609,-0.32,europe
195610,-0.38,europe
195611,-2.01,europe
195612,-0.22,europe
195701,0.1,europe
195702,2.01,europe
195703,0.44,europe
195704,0.31,europe
195705,-0.88,europe
195706,0.24,europe
195707,0.45,europe
195708,-0.02,europe
195709,-0.07,europe
195710,0.22,europe
195711,0.45,europe
195712,-0.25,europe
195801,0.08,europe
195802,1.11,europe
195803,-1.6,europe
195804,-1.13,europe
195805,0.85,europe
195806,-0.55,europe
195807,-0.28,europe
195808,0.11,europe
195809,0.27,europe
195810,0.42,europe
195811,0.67,europe
195812,0.52,europe
195901,0.69,europe
195902,0.24,europe
195903,1.36,europe
195904,0.57,europe
195905,0.07,europe
195906,0.12,europe
195907,1.02,europe
195908,0.35,europe
195909,-0.74,europe
195910,-0.58,europe
195911,-0.15,europe
195912,0.39,europe
196001,0.05,europe
196002,-0.24,europe
196003,0.01,europe
196004,0.04,europe
196005,0.48,europe
196006,0.71,europe
196007,-0.13,europe
196008,-0.13,europe
196009,-0.43,europe
196010,0.23,europe
196011,1.11,europe
196012,1.64,europe
196101,0.25,europe
196102,1.92,europe
196103,1.57,europe
196104,1.25,europe
196105,-0.11,europe
196106,0.87,europe
196107,-0.33,europe
196108,-0.14,europe
196109,0.63,europe
196110,1.16,europe
196111,0.77,europe
196112,-0.34,europe
196201,1.22,europe
196202,0.14,europe
196203,-1.51,europe
196204,0.62,europe
196205,-0.38,europe
196206,-0.69,europe
196207,-0.78,europe
196208,0.08,europe
196209,-0.05,europe
196210,0.67,europe
196211,0.79,europe
196212,-1.35,europe
196301,-2.7,europe
196302,-1.8,europe
196303,-1.69,europe
196304,-0.01,europe
196305,0.64,europe
196306,0.04,europe
196307,0.38,europe
196308,0.41,europe
196309,0.72,europe
196310,0.33,europe
196311,1.42,europe
196312,-1.43,europe
196401,-0.86,europe
196402,-0.57,europe
196403,-1.09,europe
196404,0.12,europe
196405,0.13,europe
196406,0.96,europe
196407,0.02,europe
196408,-0.64,europe
196409,0.01,europe
196410,0.24,europe
196411,0.31,europe
196412,0.29,europe
196501,0.54,europe
196502,-1.45,europe
196503,-0.34,europe
196504,-0.72,europe
196505,-0.87,europe
196506,0.15,europe
196507,-0.84,europe
196508,-0.84,europe
196509,0.19,europe
196510,-0.29,europe
196511,-1.22,europe
196512,0.38,europe
196601,-0.58,europe
196602,1.1,europe
196603,0.14,europe
196604,0.64,europe
196605,0.23,europe
196606,0.41,europe
196607,-0.04,europe
196608,-0.12,europe
196609,-0.21,europe
196610,1.34,europe
196611,0.39,europe
196612,0.31,europe
196701,-1.11,europe
196702,0.2,europe
196703,1.12,europe
196704,-0.03,europe
196705,0.33,europe
196706,-0.51,europe
196707,0.24,europe
196708,0.31,europe
196709,0.65,europe
196710,1.36,europe
196711,1.01,europe
196712,-0.93,europe
196801,-1.5,europe
196802,0.27,europe
196803,0.33,europe
196804,1.02,europe
196805,0.15,europe
196806,0.46,europe
196807,-0.55,europe
196808,-0.45,europe
196809,0.07,europe
196810,-0.02,europe
196811,0.3,europe
196812,-0.25,europe
196901,-0.99,europe
196902,-1.34,europe
196903,-1.29,europe
196904,-0.48,europe
196905,0.41,europe
196906,-0.08,europe
196907,-0.29,europe
196908,0.21,europe
196909,-0.04,europe
196910,0.35,europe
196911,0.69,europe
196912,-1.66,europe
197001,-0.13,europe
197002,-0.73,europe
197003,-0.19,europe
197004,-0.08,europe
197005,-0.27,europe
197006,0.62,europe
197007,0.0,europe
197008,-0.09,europe
197009,0.0,europe
197010,-0.4,europe
197011,0.74,europe
197012,-0.02,europe
197101,0.93,europe
197102,0.52,europe
197103,-1.2,europe
197104,-0.04,europe
197105,0.67,europe
197106,-0.43,europe
197107,-0.06,europe
197108,0.44,europe
197109,-0.42,europe
197110,-0.24,europe
197111,-0.52,europe
197112,0.92,europe
197201,-1.41,europe
197202,0.46,europe
197203,0.68,europe
197204,0.63,europe
197205,-0.11,europe
197206,0.38,europe
197207,0.7,europe
197208,0.01,europe
197209,-0.93,europe
197210,-0.64,europe
197211,0.25,europe
197212,0.83,europe
197301,0.43,europe
197302,1.27,europe
197303,0.36,europe
197304,-0.28,europe
197305,0.28,europe
197306,0.17,europe
197307,0.35,europe
197308,0.02,europe
197309,-0.09,europe
197310,-0.63,europe
197311,-1.16,europe
197312,-0.83,europe
197401,0.91,europe
197402,1.95,europe
197403,1.26,europe
197404,-0.34,europe
197405,-0.61,europe
197406,-0.31,europe
197407,-0.61,europe
197408,0.08,europe
197409,0.27,europe
197410,-0.41,europe
197411,0.28,europe
197412,1.45,europe
197501,2.18,europe
197502,0.99,europe
197503,1.13,europe
197504,0.51,europe
197505,0.6,europe
197506,-0.04,europe
197507,0.33,europe
197508,0.45,europe
197509,1.06,europe
197510,-0.12,europe
197511,-0.41,europe
197512,-0.02,europe
197601,-0.3,europe
197602,-0.86,europe
197603,-1.09,europe
197604,0.01,europe
197605,-0.05,europe
197606,-0.15,europe
197607,-0.01,europe
197608,-0.73,europe
197609,-0.85,europe
197610,-0.57,europe
197611,0.33,europe
197612,-0.17,europe
197701,-0.09,europe
197702,1.58,europe
197703,1.4,europe
197704,-0.33,europe
197705,-0.09,europe
197706,-0.27,europe
197707,-0.62,europe
197708,-0.61,europe
197709,-0.89,europe
197710,-0.01,europe
197711,0.97,europe
197712,-0.25,europe
197801,0.23,europe
197802,-0.38,europe
197803,0.92,europe
197804,-0.53,europe
197805,-0.64,europe
197806,-0.53,europe
197807,-0.88,europe
197808,-0.86,europe
197809,-0.66,europe
197810,0.07,europe
197811,-0.01,europe
197812,-1.18,europe
197901,-1.02,europe
197902,-0.25,europe
197903,0.81,europe
197904,-0.54,europe
197905,0.43,europe
197906,0.97,europe
197907,-0.88,europe
197908,-0.18,europe
197909,0.2,europe
197910,-0.46,europe
197911,0.15,europe
197912,1.12,europe
198001,-1.33,europe
198002,0.14,europe
198003,-0.89,europe
198004,-0.42,europe
198005,-1.09,europe
198006,0.06,europe
198007,-0.52,europe
198008,-0.16,europe
198009,0.07,europe
198010,-0.06,europe
198011,-0.65,europe
198012,-0.12,europe
198101,0.07,europe
198102,0.22,europe
198103,0.8,europe
198104,-0.33,europe
198105,-0.03,europe
198106,0.34,europe
198107,-0.17,europe
198108,-0.21,europe
198109,0.44,europe
198110,0.77,europe
198111,-0.17,europe
198112,-0.45,europe
198201,-0.39,europe
198202,-0.17,europe
198203,0.44,europe
198204,-0.23,europe
198205,0.19,europe
198206,-0.08,europe
198207,0.11,europe
198208,0.16,europe
198209,1.0,europe
198210,0.32,europe
198211,0.63,europe
198212,1.31,europe
198301,1.97,europe
198302,-0.28,europe
198303,0.8,europe
198304,1.12,europe
198305,0.7,europe
198306,-0.04,europe
198307,0.76,europe
198308,-0.01,europe
198309,0.54,europe
198310,0.14,europe
198311,-0.47,europe
198312,0.12,europe
198401,1.11,europe
198402,0.27,europe
198403,-0.48,europe
198404,0.22,europe
198405,0.13,europe
198406,-0.56,europe
198407,-0.62,europe
198408,-0.43,europe
198409,0.09,europe
198410,0.9,europe
198411,0.36,europe
198412,0.07,europe
198501,-2.4,europe
198502,-3.03,europe
198503,-0.7,europe
198504,0.13,europe
198505,0.52,europe
198506,-0.43,europe
198507,-0.17,europe
198508,0.41,europe
198509,0.01,europe
198510,0.21,europe
198511,-0.88,europe
198512,0.28,europe
198601,0.34,europe
198602,-2.22,europe
198603,0.25,europe
198604,0.3,europe
198605,0.7,europe
198606,0.49,europe
198607,-0.04,europe
198608,0.2,europe
198609,-0.45,europe
198610,0.33,europe
198611,0.46,europe
198612,-0.64,europe
198701,-2.96,europe
198702,0.09,europe
198703,-2.51,europe
198704,-0.21,europe
198705,-0.64,europe
198706,-0.26,europe
198707,0.18,europe
198708,-0.77,europe
198709,0.67,europe
198710,0.38,europe
198711,0.21,europe
198712,0.27,europe
198801,1.78,europe
198802,0.95,europe
198803,-0.04,europe
198804,-0.06,europe
198805,0.73,europe
198806,0.38,europe
198807,0.95,europe
198808,0.35,europe
198809,0.3,europe
198810,0.08,europe
198811,-1.83,europe
198812,0.13,europe
198901,1.72,europe
198902,2.39,europe
198903,2.51,europe
198904,1.37,europe
198905,0.75,europe
198906,0.29,europe
198907,0.44,europe
198908,0.54,europe
198909,0.46,europe
198910,0.57,europe
198911,-0.05,europe
198912,0.55,europe
199001,1.15,europe
199002,3.62,europe
199003,2.49,europe
199004,0.69,europe
199005,0.62,europe
199006,0.13,europe
199007,0.12,europe
199008,0.57,europe
199009,-0.35,europe
199010,0.8,europe
199011,0.81,europe
199012,0.59,europe
199101,1.26,europe
199102,-0.95,europe
199103,1.26,europe
199104,0.18,europe
199105,-1.17,europe
199106,-0.21,europe
199107,0.72,europe
199108,0.79,europe
199109,0.64,europe
199110,0.23,europe
199111,0.48,europe
199112,-0.21,europe
199201,1.0,europe
199202,1.08,europe
199203,1.11,europe
199204,-0.05,europe
199205,0.52,europe
199206,0.54,europe
199207,0.16,europe
199208,1.38,europe
199209,0.13,europe
199210,-0.99,europe
199211,0.14,europe
199212,0.29,europe
199301,1.38,europe
199302,0.31,europe
199303,0.09,europe
199304,0.46,europe
199305,1.08,europe
199306,-0.11,europe
199307,-0.43,europe
199308,-0.03,europe
199309,-0.77,europe
199310,-0.08,europe
199311,-2.15,europe
199312,0.96,europe
199401,1.95,europe
199402,-0.4,europe
199403,1.31,europe
199404,1.1,europe
199405,0.2,europe
199406,-0.01,europe
199407,1.5,europe
199408,1.05,europe
199409,1.19,europe
199410,0.19,europe
199411,0.71,europe
199412,0.81,europe
199501,1.05,europe
199502,3.06,europe
199503,1.09,europe
199504,0.43,europe
199505,0.19,europe
199506,0.66,europe
199507,0.81,europe
199508,0.72,europe
199509,-0.08,europe
199510,1.14,europe
199511,-0.89,europe
199512,-1.05,europe
199601,0.06,europe
199602,-1.06,europe
199603,-1.07,europe
199604,0.21,europe
199605,0.59,europe
199606,0.42,europe
199607,-0.21,europe
199608,0.68,europe
199609,-1.1,europe
199610,0.39,europe
199611,1.18,europe
199612,-0.55,europe
199701,0.24,europe
199702,1.61,europe
199703,0.93,europe
199704,-0.92,europe
199705,0.49,europe
199706,0.67,europe
199707,0.3,europe
199708,1.13,europe
199709,0.04,europe
199710,-0.26,europe
199711,0.53,europe
199712,0.61,europe
199801,1.97,europe
199802,1.88,europe
199803,0.34,europe
199804,0.99,europe
199805,0.63,europe
199806,1.03,europe
199807,0.46,europe
199808,0.53,europe
199809,0.34,europe
199810,0.47,europe
199811,-1.15,europe
199812,-0.35,europe
199901,1.43,europe
199902,0.62,europe
199903,1.4,europe
199904,1.46,europe
199905,0.39,europe
199906,1.33,europe
199907,1.29,europe
199908,0.68,europe
199909,1.61,europe
199910,0.85,europe
199911,0.13,europe
199912,0.85,europe
200001,0.52,europe
200002,1.98,europe
200003,0.98,europe
200004,1.95,europe
200005,1.27,europe
200006,0.78,europe
200007,0.18,europe
200008,0.92,europe
200009,0.3,europe
200010,1.36,europe
200011,1.96,europe
200012,1.87,europe
200101,2.19,europe
200102,1.19,europe
200103,1.43,europe
200104,0.79,europe
200105,0.71,europe
200106,0.22,europe
200107,1.48,europe
200108,1.41,europe
200109,0.26,europe
200110,1.81,europe
200111,-0.07,europe
200112,-1.42,europe
200201,0.87,europe
200202,3.28,europe
200203,2.04,europe
200204,0.89,europe
200205,1.27,europe
200206,1.38,europe
200207,1.42,europe
200208,1.29,europe
200209,0.42,europe
200210,-0.03,europe
200211,0.85,europe
200212,-1.29,europe
200301,0.22,europe
200302,-0.64,europe
200303,0.72,europe
200304,0.12,europe
200305,1.86,europe
200306,1.66,europe
200307,1.64,europe
200308,2.0,europe
200309,0.58,europe
200310,-0.32,europe
200311,1.37,europe
200312,0.98,europe
200401,0.41,europe
200402,1.15,europe
200403,1.14,europe
200404,0.92,europe
200405,-0.09,europe
200406,0.3,europe
200407,0.42,europe
200408,1.09,europe
200409,0.72,europe
200410,1.22,europe
200411,0.51,europe
200412,1.06,europe
200501,2.02,europe
200502,-0.29,europe
200503,-0.35,europe
200504,1.04,europe
200505,0.78,europe
200506,0.58,europe
200507,1.12,europe
200508,0.54,europe
200509,1.14,europe
200510,1.14,europe
200511,0.66,europe
200512,0.58,europe
200601,-0.48,europe
200602,-0.35,europe
200603,-0.5,europe
200604,1.01,europe
200605,0.76,europe
200606,1.17,europe
200607,1.79,europe
200608,1.0,europe
200609,1.64,europe
200610,1.71,europe
200611,1.44,europe
200612,2.29,europe
200701,3.02,europe
200702,1.23,europe
200703,2.38,europe
200704,1.38,europe
200705,1.68,europe
200706,1.57,europe
200707,0.92,europe
200708,1.25,europe
200709,0.2,europe
200710,0.87,europe
200711,-0.15,europe
200712,0.89,europe
200801,1.72,europe
200802,2.35,europe
200803,1.66,europe
200804,1.33,europe
200805,0.81,europe
200806,1.08,europe
200807,0.81,europe
200808,1.03,europe
200809,0.05,europe
200810,1.05,europe
200811,1.01,europe
200812,1.08,europe
200901,0.62,europe
200902,0.85,europe
200903,0.88,europe
200904,1.43,europe
200905,1.09,europe
200906,0.8,europe
200907,1.06,europe
200908,1.05,europe
200909,1.17,europe
200910,0.55,europe
200911,1.91,europe
200912,0.53,europe
201001,-0.83,europe
201002,0.26,europe
201003,0.65,europe
201004,1.18,europe
201005,0.85,europe
201006,1.02,europe
201007,2.12,europe
201008,1.61,europe
201009,0.57,europe
201010,-0.18,europe
201011,1.32,europe
201012,-0.98,europe
201101,0.96,europe
201102,-0.2,europe
201103,0.87,europe
201104,1.85,europe
201105,1.04,europe
201106,1.35,europe
201107,1.01,europe
201108,1.1,europe
201109,1.77,europe
201110,0.74,europe
201111,0.7,europe
201112,2.18,europe
201201,1.15,europe
201202,-1.92,europe
201203,1.49,europe
201204,1.13,europe
201205,1.4,europe
201206,1.19,europe
201207,1.4,europe
201208,1.46,europe
201209,1.14,europe
201210,1.18,europe
201211,1.85,europe
201212,-0.35,europe
201301,0.88,europe
201302,1.33,europe
201303,-0.72,europe
201304,0.89,europe
201305,1.46,europe
201306,1.17,europe
201307,1.15,europe
201308,1.36,europe
201309,0.49,europe
201310,1.14,europe
201311,1.65,europe
201312,1.26,europe
201401,1.55,europe
201402,2.88,europe
201403,2.82,europe
201404,1.85,europe
201405,0.99,europe
201406,0.71,europe
201407,1.63,europe
201408,1.13,europe
201409,1.28,europe
201410,1.35,europe
201411,1.43,europe
201412,1.48,europe
201501,1.94,europe
201502,1.81,europe
201503,1.96,europe
201504,0.97,europe
201505,0.99,europe
201506,0.68,europe
201507,1.4,europe
201508,1.64,europe
201509,1.68,europe
201510,0.61,europe
201511,2.19,europe
201512,2.69,europe
201601,0.53,europe
201602,3.37,europe
201603,1.78,europe
201604,1.78,europe
201605,1.18,europe
201606,1.5,europe
201607,1.44,europe
201608,1.3,europe
201609,1.77,europe
201610,0.38,europe
201611,0.33,europe
201612,0.72,europe
201701,0.02,europe
201702,1.73,europe
201703,2.63,europe
201704,0.65,europe
201705,0.91,europe
201706,1.61,europe
201707,1.08,europe
201708,1.67,europe
201709,1.07,europe
201710,1.15,europe
201711,1.02,europe
201712,1.78,europe
201801,2.32,europe
201802,0.21,europe
201803,-0.02,europe
201804,2.66,europe
201805,2.62,europe
201806,1.68,europe
201807,2.17,europe
201808,2.19,europe
201809,1.87,europe
201810,1.66,europe
201811,1.32,europe
201812,1.35,europe
201901,0.76,europe
201902,2.61,europe
201903,2.11,europe
201904,1.41,europe
201905,0.6,europe
201906,2.62,europe
201907,1.1,europe
201908,1.75,europe
201909,1.21,europe
201910,1.71,europe
201911,1.72,europe
201912,2.65,europe
202001,2.96,europe
202002,3.4,europe
202003,2.32,europe
202004,1.29,europe
202005,0.42,europe
202006,1.76,europe
202007,1.1,europe
202008,1.8,europe
202009,2.15,europe
202010,1.99,europe
202011,1.94,europe
202012,2.18,europe
202101,1.4,europe
202102,1.39,europe
202103,1.16,europe
202104,0.4,europe
202105,0.49,europe
202106,2.15,europe
202107,2.22,europe
202108,1.13,europe
202109,0.86,europe
202110,0.82,europe
202111,1.28,europe
202112,0.8,europe
202201,1.81,europe
202202,2.82,europe
202203,1.01,europe
202204,0.77,europe
202205,1.2,europe
202206,2.29,europe
202207,1.7,europe
202208,2.6,europe
202209,0.77,europe
202210,2.31,europe
202211,1.98,europe
202212,1.59,europe
202301,3.09,europe
202302,2.12,europe
202303,1.94,europe
202304,1.05,europe
202305,0.91,europe
202306,1.86,europe
202307,1.64,europe
202308,2.3,europe
202309,2.9,europe
202310,2.14,europe
202311,1.35,europe
202312,1.85,europe
202401,1.61,europe
202402,3.95,europe
202403,2.74,europe
202404,2.37,europe
202405,1.72,europe
202406,2.39,europe
202407,2.34,europe
202408,2.72,europe
202409,2.28,europe
202410,1.77,europe
202411,1.29,europe
202412,1.95,europe
202501,2.99,europe
202502,1.37,europe
202503,2.98,europe
202504,1.88,europe
202505,0.64,europe
202506,1.98,europe
202507,2.12,europe
202508,1.63,europe
202509,1.86,europe
202510,1.23,europe
202511,1.95,europe
202512,2.39,europe
202601,0.03,europe
185001,-0.8,northAmerica
185002,0.15,northAmerica
185003,-1.81,northAmerica
185004,-1.15,northAmerica
185005,-0.29,northAmerica
185006,0.45,northAmerica
185007,0.65,northAmerica
185008,1.05,northAmerica
185009,0.83,northAmerica
185010,0.71,northAmerica
185011,0.93,northAmerica
185012,-0.79,northAmerica
185101,0.54,northAmerica
185102,0.89,northAmerica
185103,1.15,northAmerica
185104,0.96,northAmerica
185105,0.45,northAmerica
185106,-0.22,northAmerica
185107,0.12,northAmerica
185108,0.18,northAmerica
185109,1.14,northAmerica
185110,1.15,northAmerica
185111,0.52,northAmerica
185112,-1.14,northAmerica
185201,1.78,northAmerica
185202,1.08,northAmerica
185203,-1.68,northAmerica
185204,-0.39,northAmerica
185205,0.13,northAmerica
185206,0.51,northAmerica
185207,0.03,northAmerica
185208,0.48,northAmerica
185209,0.1,northAmerica
185210,0.93,northAmerica
185211,0.22,northAmerica
185212,-1.76,northAmerica
185301,0.05,northAmerica
185302,-0.11,northAmerica
185303,-0.48,northAmerica
185304,0.34,northAmerica
185305,0.41,northAmerica
185306,0.38,northAmerica
185307,0.42,northAmerica
185308,0.16,northAmerica
185309,-0.55,northAmerica
185310,-0.99,northAmerica
185311,-1.06,northAmerica
185312,1.34,northAmerica
185401,-1.54,northAmerica
185402,0.1,northAmerica
185403,-0.39,northAmerica
185404,0.19,northAmerica
185405,-0.17,northAmerica
185406,0.51,northAmerica
185407,0.79,northAmerica
185408,0.4,northAmerica
185409,0.2,northAmerica
185410,0.32,northAmerica
185411,1.72,northAmerica
185412,0.51,northAmerica
185501,0.97,northAmerica
185502,-0.2,northAmerica
185503,0.23,northAmerica
185504,0.3,northAmerica
185505,0.8,northAmerica
185506,0.48,northAmerica
185507,0.28,northAmerica
185508,0.09,northAmerica
185509,-0.34,northAmerica
185510,0.51,northAmerica
185511,0.28,northAmerica
185512,0.3,northAmerica
185601,1.76,northAmerica
185602,1.99,northAmerica
185603,1.27,northAmerica
185604,0.9,northAmerica
185605,0.53,northAmerica
185606,0.89,northAmerica
185607,0.42,northAmerica
185608,-0.39,northAmerica
185609,0.38,northAmerica
185610,-0.22,northAmerica
185611,1.48,northAmerica
185612,1.04,northAmerica
185701,0.62,northAmerica
185702,1.71,northAmerica
185703,1.22,northAmerica
185704,-0.29,northAmerica
185705,0.32,northAmerica
185706,0.15,northAmerica
185707,0.22,northAmerica
185708,-0.47,northAmerica
185709,-0.07,northAmerica
185710,0.27,northAmerica
185711,1.31,northAmerica
185712,2.26,northAmerica
185801,1.3,northAmerica
185802,-0.17,northAmerica
185803,0.62,northAmerica
185804,-0.01,northAmerica
185805,-0.57,northAmerica
185806,0.57,northAmerica
185807,0.21,northAmerica
185808,0.02,northAmerica
185809,0.21,northAmerica
185810,0.45,northAmerica
185811,0.59,northAmerica
185812,-0.06,northAmerica
185901,1.11,northAmerica
185902,0.61,northAmerica
185903,1.18,northAmerica
185904,0.01,northAmerica
185905,0.54,northAmerica
185906,0.21,northAmerica
185907,-0.44,northAmerica
185908,0.51,northAmerica
185909,-0.22,northAmerica
185910,-0.47,northAmerica
185911,0.59,northAmerica
185912,0.91,northAmerica
186001,0.48,northAmerica
186002,-0.03,northAmerica
186003,1.22,northAmerica
186004,0.32,northAmerica
186005,0.91,northAmerica
186006,0.23,northAmerica
186007,-0.14,northAmerica
186008,-0.11,northAmerica
186009,-0.42,northAmerica
186010,-0.21,northAmerica
186011,0.61,northAmerica
186012,-0.47,northAmerica
186101,-0.94,northAmerica
186102,0.21,northAmerica
186103,-0.24,northAmerica
186104,-0.37,northAmerica
186105,-0.54,northAmerica
186106,-0.15,northAmerica
186107,-0.12,northAmerica
186108,-0.74,northAmerica
186109,-0.67,northAmerica
186110,-0.74,northAmerica
186111,-0.02,northAmerica
186112,-0.28,northAmerica
186201,-0.97,northAmerica
186202,-1.42,northAmerica
186203,-0.49,northAmerica
186204,-1.38,northAmerica
186205,-0.17,northAmerica
186206,0.0,northAmerica
186207,-0.21,northAmerica
186208,-0.37,northAmerica
186209,-0.35,northAmerica
186210,-1.18,northAmerica
186211,-0.83,northAmerica
186212,0.15,northAmerica
186301,0.89,northAmerica
186302,-1.84,northAmerica
186303,-0.73,northAmerica
186304,-0.64,northAmerica
186305,0.2,northAmerica
186306,0.13,northAmerica
186307,-0.15,northAmerica
186308,-1.02,northAmerica
186309,-1.01,northAmerica
186310,-1.6,northAmerica
186311,-0.31,northAmerica
186312,-1.56,northAmerica
186401,0.07,northAmerica
186402,1.64,northAmerica
186403,0.12,northAmerica
186404,-1.13,northAmerica
186405,1.29,northAmerica
186406,0.73,northAmerica
186407,0.23,northAmerica
186408,-0.44,northAmerica
186409,-0.31,northAmerica
186410,-1.23,northAmerica
186411,-0.07,northAmerica
186412,-1.28,northAmerica
186501,0.27,northAmerica
186502,0.61,northAmerica
186503,-1.91,northAmerica
186504,-0.92,northAmerica
186505,-0.5,northAmerica
186506,0.38,northAmerica
186507,-0.54,northAmerica
186508,0.3,northAmerica
186509,0.55,northAmerica
186510,0.02,northAmerica
186511,0.26,northAmerica
186512,-1.29,northAmerica
186601,-1.89,northAmerica
186602,-1.17,northAmerica
186603,-1.31,northAmerica
186604,-1.31,northAmerica
186605,-0.42,northAmerica
186606,-0.8,northAmerica
186607,0.08,northAmerica
186608,-0.88,northAmerica
186609,-1.41,northAmerica
186610,-1.19,northAmerica
186611,-0.2,northAmerica
186612,-0.31,northAmerica
186701,-1.21,northAmerica
186702,-1.86,northAmerica
186703,-2.76,northAmerica
186704,-2.48,northAmerica
186705,-2.12,northAmerica
186706,0.19,northAmerica
186707,-0.71,northAmerica
186708,0.0,northAmerica
186709,-0.24,northAmerica
186710,-0.46,northAmerica
186711,0.21,northAmerica
186712,-1.36,northAmerica
186801,-1.76,northAmerica
186802,-1.32,northAmerica
186803,-0.11,northAmerica
186804,-1.61,northAmerica
186805,-0.61,northAmerica
186806,-0.34,northAmerica
186807,-0.04,northAmerica
186808,-0.61,northAmerica
186809,-1.26,northAmerica
186810,-0.87,northAmerica
186811,-0.51,northAmerica
186812,-0.76,northAmerica
186901,1.01,northAmerica
186902,-0.64,northAmerica
186903,-0.19,northAmerica
186904,-1.29,northAmerica
186905,-0.09,northAmerica
186906,-0.28,northAmerica
186907,-0.3,northAmerica
186908,-0.01,northAmerica
186909,-0.75,northAmerica
186910,-1.04,northAmerica
186911,-0.35,northAmerica
186912,0.55,northAmerica
187001,-0.42,northAmerica
187002,0.23,northAmerica
187003,-1.93,northAmerica
187004,-0.49,northAmerica
187005,0.85,northAmerica
187006,0.95,northAmerica
187007,0.1,northAmerica
187008,-0.69,northAmerica
187009,-0.24,northAmerica
187010,-0.16,northAmerica
187011,1.07,northAmerica
187012,0.0,northAmerica
187101,-0.97,northAmerica
187102,-0.21,northAmerica
187103,-0.14,northAmerica
187104,-0.02,northAmerica
187105,-0.07,northAmerica
187106,0.5,northAmerica
187107,-0.17,northAmerica
187108,-0.43,northAmerica
187109,-0.52,northAmerica
187110,-0.73,northAmerica
187111,-2.31,northAmerica
187112,-2.63,northAmerica
187201,-0.06,northAmerica
187202,-0.29,northAmerica
187203,-1.49,northAmerica
187204,-1.02,northAmerica
187205,-0.48,northAmerica
187206,-0.06,northAmerica
187207,-0.39,northAmerica
187208,-0.44,northAmerica
187209,-0.53,northAmerica
187210,-0.65,northAmerica
187211,-1.32,northAmerica
187212,-1.99,northAmerica
187301,-2.7,northAmerica
187302,-1.3,northAmerica
187303,-1.09,northAmerica
187304,-1.39,northAmerica
187305,-0.02,northAmerica
187306,0.22,northAmerica
187307,-0.08,northAmerica
187308,-0.45,northAmerica
187309,-1.14,northAmerica
187310,-1.22,northAmerica
187311,-2.38,northAmerica
187312,-1.68,northAmerica
187401,-2.4,northAmerica
187402,-1.74,northAmerica
187403,-1.81,northAmerica
187404,-1.76,northAmerica
187405,0.43,northAmerica
187406,-0.06,northAmerica
187407,-0.01,northAmerica
187408,-0.26,northAmerica
187409,-0.35,northAmerica
187410,-0.6,northAmerica
187411,-1.96,northAmerica
187412,-0.19,northAmerica
187501,-2.62,northAmerica
187502,-2.46,northAmerica
187503,-3.09,northAmerica
187504,-1.78,northAmerica
187505,-1.03,northAmerica
187506,-0.76,northAmerica
187507,-0.27,northAmerica
187508,-0.81,northAmerica
187509,-0.65,northAmerica
187510,-0.94,northAmerica
187511,-2.95,northAmerica
187512,-0.86,northAmerica
187601,-1.56,northAmerica
187602,-2.47,northAmerica
187603,-2.85,northAmerica
187604,-0.77,northAmerica
187605,-0.91,northAmerica
187606,-0.3,northAmerica
187607,-0.16,northAmerica
187608,-0.69,northAmerica
187609,-0.44,northAmerica
187610,-1.15,northAmerica
187611,-2.01,northAmerica
187612,-1.65,northAmerica
187701,-2.4,northAmerica
187702,1.3,northAmerica
187703,-1.03,northAmerica
187704,-0.03,northAmerica
187705,0.17,northAmerica
187706,-0.41,northAmerica
187707,0.22,northAmerica
187708,-0.01,northAmerica
187709,0.03,northAmerica
187710,-0.58,northAmerica
187711,-0.26,northAmerica
187712,0.94,northAmerica
187801,-0.04,northAmerica
187802,1.24,northAmerica
187803,2.34,northAmerica
187804,1.05,northAmerica
187805,-0.5,northAmerica
187806,0.94,northAmerica
187807,0.74,northAmerica
187808,0.61,northAmerica
187809,-0.5,northAmerica
187810,-1.31,northAmerica
187811,0.93,northAmerica
187812,0.48,northAmerica
187901,-0.65,northAmerica
187902,-1.9,northAmerica
187903,-0.3,northAmerica
187904,0.15,northAmerica
187905,0.52,northAmerica
187906,-0.52,northAmerica
187907,0.11,northAmerica
187908,-0.54,northAmerica
187909,-0.96,northAmerica
187910,-0.71,northAmerica
187911,-0.96,northAmerica
187912,-3.83,northAmerica
188001,-1.01,northAmerica
188002,-1.54,northAmerica
188003,-1.99,northAmerica
188004,-1.04,northAmerica
188005,-0.17,northAmerica
188006,0.15,northAmerica
188007,-0.3,northAmerica
188008,-0.91,northAmerica
188009,-0.58,northAmerica
188010,0.07,northAmerica
188011,-2.11,northAmerica
188012,-2.67,northAmerica
188101,-2.97,northAmerica
188102,-0.62,northAmerica
188103,0.07,northAmerica
188104,0.03,northAmerica
188105,0.59,northAmerica
188106,-0.39,northAmerica
188107,-0.36,northAmerica
188108,-0.54,northAmerica
188109,-0.66,northAmerica
188110,-1.97,northAmerica
188111,-1.98,northAmerica
188112,0.8,northAmerica
188201,-0.72,northAmerica
188202,-0.78,northAmerica
188203,-1.92,northAmerica
188204,-1.45,northAmerica
188205,-1.31,northAmerica
188206,-0.41,northAmerica
188207,-0.78,northAmerica
188208,-0.52,northAmerica
188209,-0.73,northAmerica
188210,-1.0,northAmerica
188211,-1.3,northAmerica
188212,-1.13,northAmerica
188301,-1.9,northAmerica
188302,-2.25,northAmerica
188303,-0.73,northAmerica
188304,-1.09,northAmerica
188305,-1.29,northAmerica
188306,0.25,northAmerica
188307,-0.7,northAmerica
188308,-0.91,northAmerica
188309,-0.55,northAmerica
188310,-1.4,northAmerica
188311,-1.51,northAmerica
188312,-1.86,northAmerica
188401,-2.56,northAmerica
188402,-2.19,northAmerica
188403,-1.54,northAmerica
188404,-0.71,northAmerica
188405,-0.69,northAmerica
188406,0.12,northAmerica
188407,-0.63,northAmerica
188408,-0.67,northAmerica
188409,-0.99,northAmerica
188410,-1.72,northAmerica
188411,-0.75,northAmerica
188412,-0.25,northAmerica
188501,-1.37,northAmerica
188502,-0.87,northAmerica
188503,-1.64,northAmerica
188504,-0.4,northAmerica
188505,-0.57,northAmerica
188506,-0.25,northAmerica
188507,-0.08,northAmerica
188508,-0.67,northAmerica
188509,-0.7,northAmerica
188510,-0.75,northAmerica
188511,0.51,northAmerica
188512,0.65,northAmerica
188601,-3.2,northAmerica
188602,-1.13,northAmerica
188603,-1.57,northAmerica
188604,-0.57,northAmerica
188605,-0.26,northAmerica
188606,0.08,northAmerica
188607,0.1,northAmerica
188608,-0.09,northAmerica
188609,-1.15,northAmerica
188610,-0.44,northAmerica
188611,-1.64,northAmerica
188612,-0.82,northAmerica
188701,-2.37,northAmerica
188702,-2.26,northAmerica
188703,-1.74,northAmerica
188704,-1.3,northAmerica
188705,0.04,northAmerica
188706,0.04,northAmerica
188707,-0.78,northAmerica
188708,-0.89,northAmerica
188709,-0.41,northAmerica
188710,-1.79,northAmerica
188711,-0.98,northAmerica
188712,-2.2,northAmerica
188801,-1.98,northAmerica
188802,0.01,northAmerica
188803,-2.01,northAmerica
188804,-1.34,northAmerica
188805,-1.14,northAmerica
188806,-0.3,northAmerica
188807,-0.41,northAmerica
188808,-0.41,northAmerica
188809,-0.21,northAmerica
188810,0.06,northAmerica
188811,-0.4,northAmerica
188812,1.36,northAmerica
188901,1.51,northAmerica
188902,-0.23,northAmerica
188903,1.28,northAmerica
188904,0.83,northAmerica
188905,-0.4,northAmerica
188906,-0.34,northAmerica
188907,-0.3,northAmerica
188908,0.13,northAmerica
188909,-0.63,northAmerica
188910,-0.5,northAmerica
188911,-0.74,northAmerica
188912,0.36,northAmerica
189001,-0.79,northAmerica
189002,-0.87,northAmerica
189003,-0.9,northAmerica
189004,-1.38,northAmerica
189005,-0.91,northAmerica
189006,-0.37,northAmerica
189007,0.06,northAmerica
189008,-0.8,northAmerica
189009,-0.8,northAmerica
189010,-0.16,northAmerica
189011,-0.1,northAmerica
189012,0.03,northAmerica
189101,0.75,northAmerica
189102,-2.26,northAmerica
189103,-1.22,northAmerica
189104,0.47,northAmerica
189105,-1.06,northAmerica
189106,-0.1,northAmerica
189107,-0.39,northAmerica
189108,-0.15,northAmerica
189109,0.12,northAmerica
189110,-1.09,northAmerica
189111,-1.34,northAmerica
189112,0.64,northAmerica
189201,-0.27,northAmerica
189202,-0.28,northAmerica
189203,-0.09,northAmerica
189204,-0.36,northAmerica
189205,-1.84,northAmerica
189206,-0.6,northAmerica
189207,-0.35,northAmerica
189208,-0.86,northAmerica
189209,-0.71,northAmerica
189210,-0.21,northAmerica
189211,-2.03,northAmerica
189212,-0.35,northAmerica
189301,-1.05,northAmerica
189302,-1.26,northAmerica
189303,-1.64,northAmerica
189304,-1.92,northAmerica
189305,-0.58,northAmerica
189306,-0.13,northAmerica
189307,-0.21,northAmerica
189308,0.0,northAmerica
189309,-0.26,northAmerica
189310,-1.12,northAmerica
189311,-1.42,northAmerica
189312,-1.92,northAmerica
189401,-2.61,northAmerica
189402,-3.18,northAmerica
189403,-0.79,northAmerica
189404,-1.19,northAmerica
189405,-0.48,northAmerica
189406,-0.51,northAmerica
189407,-0.44,northAmerica
189408,-0.35,northAmerica
189409,-0.53,northAmerica
189410,-0.6,northAmerica
189411,-1.4,northAmerica
189412,0.19,northAmerica
189501,-0.67,northAmerica
189502,-1.0,northAmerica
189503,-0.75,northAmerica
189504,0.71,northAmerica
189505,-0.42,northAmerica
189506,-0.27,northAmerica
189507,-0.45,northAmerica
189508,-0.58,northAmerica
189509,-0.7,northAmerica
189510,-1.51,northAmerica
189511,-1.59,northAmerica
189512,-1.19,northAmerica
189601,-1.73,northAmerica
189602,-1.46,northAmerica
189603,-2.1,northAmerica
189604,-1.2,northAmerica
189605,-0.76,northAmerica
189606,-0.42,northAmerica
189607,-0.53,northAmerica
189608,-0.12,northAmerica
189609,-0.77,northAmerica
189610,-0.85,northAmerica
189611,-2.45,northAmerica
189612,0.17,northAmerica
189701,-0.55,northAmerica
189702,-1.28,northAmerica
189703,-1.84,northAmerica
189704,-0.65,northAmerica
189705,-0.61,northAmerica
189706,-0.65,northAmerica
189707,-0.22,northAmerica
189708,-0.3,northAmerica
189709,-0.47,northAmerica
189710,-1.0,northAmerica
189711,-1.41,northAmerica
189712,-0.41,northAmerica
189801,-0.93,northAmerica
189802,-1.28,northAmerica
189803,-0.36,northAmerica
189804,0.75,northAmerica
189805,0.27,northAmerica
189806,0.0,northAmerica
189807,-0.63,northAmerica
189808,-0.15,northAmerica
189809,-0.34,northAmerica
189810,-1.72,northAmerica
189811,-2.93,northAmerica
189812,-1.46,northAmerica
189901,-1.55,northAmerica
189902,-3.62,northAmerica
189903,-2.64,northAmerica
189904,-0.82,northAmerica
189905,-1.01,northAmerica
189906,-0.55,northAmerica
189907,-0.47,northAmerica
189908,-0.53,northAmerica
189909,-0.6,northAmerica
189910,-0.98,northAmerica
189911,0.47,northAmerica
189912,-0.16,northAmerica
190001,0.5,northAmerica
190002,-1.07,northAmerica
190003,-0.01,northAmerica
190004,0.84,northAmerica
190005,0.61,northAmerica
190006,0.57,northAmerica
190007,-0.33,northAmerica
190008,-0.21,northAmerica
190009,-0.01,northAmerica
190010,0.23,northAmerica
190011,-1.29,northAmerica
190012,0.24,northAmerica
190101,-0.9,northAmerica
190102,-1.17,northAmerica
190103,-0.11,northAmerica
190104,-0.08,northAmerica
190105,-0.05,northAmerica
190106,-0.45,northAmerica
190107,0.21,northAmerica
190108,0.11,northAmerica
190109,-0.67,northAmerica
190110,0.01,northAmerica
190111,-0.9,northAmerica
190112,0.4,northAmerica
190201,-0.03,northAmerica
190202,0.39,northAmerica
190203,-0.85,northAmerica
190204,-0.01,northAmerica
190205,-0.13,northAmerica
190206,-0.62,northAmerica
190207,-0.11,northAmerica
190208,0.11,northAmerica
190209,-0.66,northAmerica
190210,0.33,northAmerica
190211,-0.43,northAmerica
190212,-1.98,northAmerica
190301,-0.7,northAmerica
190302,-1.46,northAmerica
190303,-0.18,northAmerica
190304,-0.84,northAmerica
190305,-0.74,northAmerica
190306,-0.61,northAmerica
190307,-0.58,northAmerica
190308,-0.3,northAmerica
190309,-0.89,northAmerica
190310,0.04,northAmerica
190311,-0.57,northAmerica
190312,-0.07,northAmerica
190401,-1.92,northAmerica
190402,-2.73,northAmerica
190403,-0.43,northAmerica
190404,0.02,northAmerica
190405,0.01,northAmerica
190406,-0.58,northAmerica
190407,-0.77,northAmerica
190408,-0.5,northAmerica
190409,-0.85,northAmerica
190410,-0.66,northAmerica
190411,0.23,northAmerica
190412,-0.72,northAmerica
190501,-1.12,northAmerica
190502,-1.33,northAmerica
190503,1.09,northAmerica
190504,0.73,northAmerica
190505,-0.06,northAmerica
190506,-0.19,northAmerica
190507,-0.48,northAmerica
190508,0.12,northAmerica
190509,-0.16,northAmerica
190510,-1.42,northAmerica
190511,-0.03,northAmerica
190512,-1.3,northAmerica
190601,-0.93,northAmerica
190602,-0.94,northAmerica
190603,-1.27,northAmerica
190604,0.0,northAmerica
190605,0.09,northAmerica
190606,-0.3,northAmerica
190607,0.05,northAmerica
190608,-0.38,northAmerica
190609,0.1,northAmerica
190610,-0.32,northAmerica
190611,-0.38,northAmerica
190612,-0.8,northAmerica
190701,-1.62,northAmerica
190702,-1.78,northAmerica
190703,-0.77,northAmerica
190704,-2.58,northAmerica
190705,-2.27,northAmerica
190706,-1.1,northAmerica
190707,-0.96,northAmerica
190708,-0.99,northAmerica
190709,-0.87,northAmerica
190710,-0.63,northAmerica
190711,-0.54,northAmerica
190712,0.99,northAmerica
190801,0.38,northAmerica
190802,0.02,northAmerica
190803,-0.9,northAmerica
190804,-0.93,northAmerica
190805,-0.49,northAmerica
190806,-0.7,northAmerica
190807,-0.25,northAmerica
190808,-0.57,northAmerica
190809,0.15,northAmerica
190810,-0.88,northAmerica
190811,0.09,northAmerica
190812,-0.46,northAmerica
190901,-2.05,northAmerica
190902,-1.38,northAmerica
190903,0.13,northAmerica
190904,-2.14,northAmerica
190905,-0.84,northAmerica
190906,-0.1,northAmerica
190907,-0.49,northAmerica
190908,-0.26,northAmerica
190909,-0.43,northAmerica
190910,-0.7,northAmerica
190911,-0.22,northAmerica
190912,-1.17,northAmerica
191001,0.12,northAmerica
191002,-3.05,northAmerica
191003,1.64,northAmerica
191004,0.13,northAmerica
191005,-0.69,northAmerica
191006,-0.25,northAmerica
191007,-0.23,northAmerica
191008,-0.52,northAmerica
191009,-0.55,northAmerica
191010,0.18,northAmerica
191011,0.37,northAmerica
191012,-0.75,northAmerica
191101,-1.87,northAmerica
191102,-0.68,northAmerica
191103,-0.35,northAmerica
191104,-0.26,northAmerica
191105,0.08,northAmerica
191106,0.33,northAmerica
191107,-0.53,northAmerica
191108,-0.81,northAmerica
191109,-0.16,northAmerica
191110,0.31,northAmerica
191111,-1.92,northAmerica
191112,-0.05,northAmerica
191201,-2.01,northAmerica
191202,-0.22,northAmerica
191203,-1.98,northAmerica
191204,-0.52,northAmerica
191205,0.09,northAmerica
191206,-0.5,northAmerica
191207,-1.2,northAmerica
191208,-0.98,northAmerica
191209,-0.49,northAmerica
191210,0.09,northAmerica
191211,0.56,northAmerica
191212,-0.13,northAmerica
191301,-1.84,northAmerica
191302,-1.15,northAmerica
191303,-1.88,northAmerica
191304,0.0,northAmerica
191305,-0.78,northAmerica
191306,-0.31,northAmerica
191307,-0.88,northAmerica
191308,-0.3,northAmerica
191309,-0.87,northAmerica
191310,-1.56,northAmerica
191311,-0.08,northAmerica
191312,0.03,northAmerica
191401,0.19,northAmerica
191402,-2.62,northAmerica
191403,-0.67,northAmerica
191404,-0.72,northAmerica
191405,-0.26,northAmerica
191406,-0.41,northAmerica
191407,-0.46,northAmerica
191408,-0.5,northAmerica
191409,-0.18,northAmerica
191410,0.75,northAmerica
191411,-0.07,northAmerica
191412,-1.07,northAmerica
191501,0.27,northAmerica
191502,0.75,northAmerica
191503,-0.39,northAmerica
191504,1.71,northAmerica
191505,0.04,northAmerica
191506,-0.8,northAmerica
191507,-0.73,northAmerica
191508,-0.14,northAmerica
191509,-0.16,northAmerica
191510,0.4,northAmerica
191511,0.92,northAmerica
191512,1.02,northAmerica
191601,-1.5,northAmerica
191602,-0.71,northAmerica
191603,-0.53,northAmerica
191604,0.03,northAmerica
191605,0.21,northAmerica
191606,-0.37,northAmerica
191607,-0.12,northAmerica
191608,-0.2,northAmerica
191609,-0.29,northAmerica
191610,-0.28,northAmerica
191611,-0.48,northAmerica
191612,-1.54,northAmerica
191701,-1.08,northAmerica
191702,-1.61,northAmerica
191703,-0.66,northAmerica
191704,-1.34,northAmerica
191705,-1.9,northAmerica
191706,-0.88,northAmerica
191707,0.05,northAmerica
191708,-0.43,northAmerica
191709,-0.03,northAmerica
191710,-1.81,northAmerica
191711,0.45,northAmerica
191712,-4.22,northAmerica
191801,-2.17,northAmerica
191802,-2.03,northAmerica
191803,-0.45,northAmerica
191804,-1.55,northAmerica
191805,-1.18,northAmerica
191806,-0.86,northAmerica
191807,-0.89,northAmerica
191808,-0.6,northAmerica
191809,-0.59,northAmerica
191810,-0.04,northAmerica
191811,-0.51,northAmerica
191812,0.33,northAmerica
191901,1.44,northAmerica
191902,-0.56,northAmerica
191903,-1.21,northAmerica
191904,-0.28,northAmerica
191905,0.24,northAmerica
191906,-0.17,northAmerica
191907,0.12,northAmerica
191908,0.19,northAmerica
191909,0.03,northAmerica
191910,-1.47,northAmerica
191911,-0.83,northAmerica
191912,-0.84,northAmerica
192001,-1.21,northAmerica
192002,1.05,northAmerica
192003,-1.12,northAmerica
192004,-1.91,northAmerica
192005,-0.73,northAmerica
192006,-0.47,northAmerica
192007,-0.46,northAmerica
192008,-0.45,northAmerica
192009,-0.04,northAmerica
192010,0.13,northAmerica
192011,-0.7,northAmerica
192012,0.07,northAmerica
192101,0.08,northAmerica
192102,-0.05,northAmerica
192103,-0.33,northAmerica
192104,-0.47,northAmerica
192105,0.07,northAmerica
192106,0.51,northAmerica
192107,0.23,northAmerica
192108,-0.43,northAmerica
192109,-0.03,northAmerica
192110,0.14,northAmerica
192111,-0.44,northAmerica
192112,0.59,northAmerica
192201,0.02,northAmerica
192202,-2.08,northAmerica
192203,-0.97,northAmerica
192204,-0.26,northAmerica
192205,-0.13,northAmerica
192206,-0.68,northAmerica
192207,-0.87,northAmerica
192208,-0.13,northAmerica
192209,0.18,northAmerica
192210,-0.37,northAmerica
192211,0.23,northAmerica
192212,-0.72,northAmerica
192301,-0.52,northAmerica
192302,-1.14,northAmerica
192303,-2.52,northAmerica
192304,-0.45,northAmerica
192305,-0.11,northAmerica
192306,0.21,northAmerica
192307,-0.05,northAmerica
192308,-0.49,northAmerica
192309,-0.11,northAmerica
192310,0.15,northAmerica
192311,1.24,northAmerica
192312,0.53,northAmerica
192401,-1.03,northAmerica
192402,0.22,northAmerica
192403,0.74,northAmerica
192404,-0.74,northAmerica
192405,-0.29,northAmerica
192406,-0.09,northAmerica
192407,-0.51,northAmerica
192408,0.03,northAmerica
192409,-0.61,northAmerica
192410,0.39,northAmerica
192411,0.09,northAmerica
192412,-2.21,northAmerica
192501,-2.33,northAmerica
192502,-0.21,northAmerica
192503,0.09,northAmerica
192504,0.9,northAmerica
192505,-0.11,northAmerica
192506,0.12,northAmerica
192507,-0.14,northAmerica
192508,-0.15,northAmerica
192509,0.12,northAmerica
192510,-1.65,northAmerica
192511,-0.18,northAmerica
192512,1.03,northAmerica
192601,1.29,northAmerica
192602,1.24,northAmerica
192603,-0.05,northAmerica
192604,-0.11,northAmerica
192605,0.16,northAmerica
192606,-0.23,northAmerica
192607,-0.34,northAmerica
192608,-0.18,northAmerica
192609,-0.64,northAmerica
192610,0.86,northAmerica
192611,-0.48,northAmerica
192612,-0.82,northAmerica
192701,0.57,northAmerica
192702,0.78,northAmerica
192703,0.31,northAmerica
192704,-0.52,northAmerica
192705,-0.59,northAmerica
192706,-0.41,northAmerica
192707,-0.3,northAmerica
192708,-0.61,northAmerica
192709,0.23,northAmerica
192710,0.53,northAmerica
192711,-0.89,northAmerica
192712,-1.92,northAmerica
192801,1.29,northAmerica
192802,1.04,northAmerica
192803,0.61,northAmerica
192804,-1.4,northAmerica
192805,0.46,northAmerica
192806,-0.24,northAmerica
192807,0.02,northAmerica
192808,-0.38,northAmerica
192809,-0.1,northAmerica
192810,0.2,northAmerica
192811,1.01,northAmerica
192812,1.77,northAmerica
192901,0.12,northAmerica
192902,-0.81,northAmerica
192903,0.11,northAmerica
192904,-0.24,northAmerica
192905,-0.88,northAmerica
192906,-0.52,northAmerica
192907,-0.35,northAmerica
192908,0.19,northAmerica
192909,-0.41,northAmerica
192910,0.47,northAmerica
192911,-0.87,northAmerica
192912,-0.81,northAmerica
193001,-1.57,northAmerica
193002,0.73,northAmerica
193003,-0.09,northAmerica
193004,0.81,northAmerica
193005,-0.21,northAmerica
193006,0.25,northAmerica
193007,0.34,northAmerica
193008,0.5,northAmerica
193009,0.28,northAmerica
193010,-0.6,northAmerica
193011,0.44,northAmerica
193012,1.29,northAmerica
193101,2.14,northAmerica
193102,2.33,northAmerica
193103,-0.7,northAmerica
193104,0.3,northAmerica
193105,-0.35,northAmerica
193106,0.76,northAmerica
193107,0.67,northAmerica
193108,0.05,northAmerica
193109,1.11,northAmerica
193110,1.03,northAmerica
193111,1.0,northAmerica
193112,0.86,northAmerica
193201,0.03,northAmerica
193202,-0.59,northAmerica
193203,-0.86,northAmerica
193204,0.33,northAmerica
193205,0.72,northAmerica
193206,0.42,northAmerica
193207,-0.05,northAmerica
193208,0.63,northAmerica
193209,0.25,northAmerica
193210,-0.61,northAmerica
193211,-1.33,northAmerica
193212,-1.21,northAmerica
193301,0.37,northAmerica
193302,-1.56,northAmerica
193303,0.21,northAmerica
193304,-0.25,northAmerica
193305,-0.04,northAmerica
193306,0.2,northAmerica
193307,0.18,northAmerica
193308,0.18,northAmerica
193309,0.36,northAmerica
193310,-0.38,northAmerica
193311,-0.6,northAmerica
193312,-2.08,northAmerica
193401,0.2,northAmerica
193402,0.18,northAmerica
193403,-0.29,northAmerica
193404,0.85,northAmerica
193405,0.61,northAmerica
193406,0.16,northAmerica
193407,0.35,northAmerica
193408,-0.2,northAmerica
193409,-0.6,northAmerica
193410,0.59,northAmerica
193411,0.96,northAmerica
193412,0.14,northAmerica
193501,-1.11,northAmerica
193502,1.02,northAmerica
193503,-0.33,northAmerica
193504,-0.39,northAmerica
193505,-0.85,northAmerica
193506,-0.18,northAmerica
193507,0.54,northAmerica
193508,0.01,northAmerica
193509,-0.02,northAmerica
193510,-0.52,northAmerica
193511,-1.35,northAmerica
193512,-0.14,northAmerica
193601,-1.19,northAmerica
193602,-3.68,northAmerica
193603,0.45,northAmerica
193604,-0.45,northAmerica
193605,0.36,northAmerica
193606,0.36,northAmerica
193607,1.0,northAmerica
193608,0.46,northAmerica
193609,0.03,northAmerica
193610,-0.68,northAmerica
193611,-0.53,northAmerica
193612,-0.81,northAmerica
193701,-0.83,northAmerica
193702,-0.61,northAmerica
193703,0.2,northAmerica
193704,0.14,northAmerica
193705,0.62,northAmerica
193706,0.52,northAmerica
193707,0.39,northAmerica
193708,0.29,northAmerica
193709,0.44,northAmerica
193710,0.3,northAmerica
193711,0.23,northAmerica
193712,-0.5,northAmerica
193801,0.3,northAmerica
193802,-0.25,northAmerica
193803,1.01,northAmerica
193804,-0.06,northAmerica
193805,0.27,northAmerica
193806,0.22,northAmerica
193807,0.19,northAmerica
193808,0.2,northAmerica
193809,1.24,northAmerica
193810,1.46,northAmerica
193811,-0.16,northAmerica
193812,1.51,northAmerica
193901,1.6,northAmerica
193902,-2.48,northAmerica
193903,-0.86,northAmerica
193904,0.56,northAmerica
193905,0.71,northAmerica
193906,-0.03,northAmerica
193907,0.36,northAmerica
193908,0.19,northAmerica
193909,0.37,northAmerica
193910,-0.52,northAmerica
193911,0.51,northAmerica
193912,3.16,northAmerica
194001,0.93,northAmerica
194002,1.27,northAmerica
194003,0.8,northAmerica
194004,0.83,northAmerica
194005,0.6,northAmerica
194006,-0.22,northAmerica
194007,0.21,northAmerica
194008,0.01,northAmerica
194009,0.91,northAmerica
194010,0.9,northAmerica
194011,-0.81,northAmerica
194012,1.28,northAmerica
194101,1.06,northAmerica
194102,1.77,northAmerica
194103,0.34,northAmerica
194104,0.94,northAmerica
194105,0.7,northAmerica
194106,0.39,northAmerica
194107,0.41,northAmerica
194108,0.09,northAmerica
194109,-0.4,northAmerica
194110,0.29,northAmerica
194111,0.16,northAmerica
194112,1.45,northAmerica
194201,1.93,northAmerica
194202,0.14,northAmerica
194203,1.55,northAmerica
194204,0.79,northAmerica
194205,0.47,northAmerica
194206,0.08,northAmerica
194207,0.02,northAmerica
194208,-0.03,northAmerica
194209,-0.12,northAmerica
194210,0.82,northAmerica
194211,-0.1,northAmerica
194212,-1.05,northAmerica
194301,-0.78,northAmerica
194302,0.69,northAmerica
194303,-1.61,northAmerica
194304,0.52,northAmerica
194305,-0.3,northAmerica
194306,-0.12,northAmerica
194307,0.18,northAmerica
194308,0.31,northAmerica
194309,-0.05,northAmerica
194310,0.95,northAmerica
194311,1.23,northAmerica
194312,1.0,northAmerica
194401,2.01,northAmerica
194402,0.76,northAmerica
194403,-1.03,northAmerica
194404,0.7,northAmerica
194405,0.46,northAmerica
194406,0.09,northAmerica
194407,-0.12,northAmerica
194408,0.03,northAmerica
194409,0.31,northAmerica
194410,0.75,northAmerica
194411,0.35,northAmerica
194412,0.52,northAmerica
194501,1.55,northAmerica
194502,1.06,northAmerica
194503,2.1,northAmerica
194504,-1.13,northAmerica
194505,-0.91,northAmerica
194506,-0.71,northAmerica
194507,-0.29,northAmerica
194508,0.06,northAmerica
194509,-0.37,northAmerica
194510,0.48,northAmerica
194511,-0.66,northAmerica
194512,-1.01,northAmerica
194601,0.65,northAmerica
194602,-0.56,northAmerica
194603,2.16,northAmerica
194604,0.66,northAmerica
194605,0.06,northAmerica
194606,-0.18,northAmerica
194607,-0.1,northAmerica
194608,-0.15,northAmerica
194609,0.0,northAmerica
194610,0.02,northAmerica
194611,-0.23,northAmerica
194612,0.07,northAmerica
194701,0.61,northAmerica
194702,0.57,northAmerica
194703,0.83,northAmerica
194704,-0.62,northAmerica
194705,-0.42,northAmerica
194706,-0.57,northAmerica
194707,-0.03,northAmerica
194708,-0.17,northAmerica
194709,0.01,northAmerica
194710,1.63,northAmerica
194711,0.38,northAmerica
194712,1.07,northAmerica
194801,0.71,northAmerica
194802,-1.27,northAmerica
194803,-1.57,northAmerica
194804,-0.58,northAmerica
194805,0.26,northAmerica
194806,0.41,northAmerica
194807,0.25,northAmerica
194808,0.22,northAmerica
194809,0.7,northAmerica
194810,0.43,northAmerica
194811,0.4,northAmerica
194812,-0.92,northAmerica
194901,-0.73,northAmerica
194902,-2.15,northAmerica
194903,0.74,northAmerica
194904,0.04,northAmerica
194905,-0.18,northAmerica
194906,-0.15,northAmerica
194907,-0.17,northAmerica
194908,0.33,northAmerica
194909,-0.11,northAmerica
194910,-0.18,northAmerica
194911,1.7,northAmerica
194912,-0.27,northAmerica
195001,-1.53,northAmerica
195002,-0.78,northAmerica
195003,-0.29,northAmerica
195004,-1.22,northAmerica
195005,-0.24,northAmerica
195006,-0.23,northAmerica
195007,-0.55,northAmerica
195008,-0.66,northAmerica
195009,-0.02,northAmerica
195010,0.28,northAmerica
195011,-0.54,northAmerica
195012,0.92,northAmerica
195101,-0.36,northAmerica
195102,-0.3,northAmerica
195103,-1.3,northAmerica
195104,-0.23,northAmerica
195105,0.52,northAmerica
195106,-0.37,northAmerica
195107,0.12,northAmerica
195108,0.18,northAmerica
195109,0.14,northAmerica
195110,-0.68,northAmerica
195111,-0.53,northAmerica
195112,-1.32,northAmerica
195201,-0.43,northAmerica
195202,0.75,northAmerica
195203,-0.41,northAmerica
195204,0.89,northAmerica
195205,0.74,northAmerica
195206,0.42,northAmerica
195207,0.05,northAmerica
195208,0.07,northAmerica
195209,0.16,northAmerica
195210,-0.01,northAmerica
195211,1.22,northAmerica
195212,2.16,northAmerica
195301,0.84,northAmerica
195302,1.74,northAmerica
195303,0.71,northAmerica
195304,0.73,northAmerica
195305,0.22,northAmerica
195306,0.31,northAmerica
195307,0.2,northAmerica
195308,0.53,northAmerica
195309,0.41,northAmerica
195310,0.65,northAmerica
195311,1.31,northAmerica
195312,0.31,northAmerica
195401,-0.97,northAmerica
195402,2.45,northAmerica
195403,0.02,northAmerica
195404,-0.6,northAmerica
195405,-0.18,northAmerica
195406,0.12,northAmerica
195407,0.34,northAmerica
195408,0.44,northAmerica
195409,0.53,northAmerica
195410,0.49,northAmerica
195411,1.79,northAmerica
195412,0.56,northAmerica
195501,0.9,northAmerica
195502,-1.06,northAmerica
195503,-1.23,northAmerica
195504,0.77,northAmerica
195505,0.16,northAmerica
195506,0.18,northAmerica
195507,0.13,northAmerica
195508,0.23,northAmerica
195509,0.03,northAmerica
195510,0.91,northAmerica
195511,-1.88,northAmerica
195512,-1.07,northAmerica
195601,0.36,northAmerica
195602,-0.42,northAmerica
195603,-0.53,northAmerica
195604,-0.36,northAmerica
195605,-0.6,northAmerica
195606,0.12,northAmerica
195607,-0.2,northAmerica
195608,-0.24,northAmerica
195609,-0.73,northAmerica
195610,-0.38,northAmerica
195611,-0.39,northAmerica
195612,-0.39,northAmerica
195701,-0.85,northAmerica
195702,0.59,northAmerica
195703,0.82,northAmerica
195704,0.03,northAmerica
195705,-0.29,northAmerica
195706,0.07,northAmerica
195707,0.25,northAmerica
195708,0.14,northAmerica
195709,0.37,northAmerica
195710,-0.35,northAmerica
195711,0.03,northAmerica
195712,0.41,northAmerica
195801,2.24,northAmerica
195802,-0.29,northAmerica
195803,0.78,northAmerica
195804,-0.06,northAmerica
195805,0.74,northAmerica
195806,0.04,northAmerica
195807,0.08,northAmerica
195808,0.5,northAmerica
195809,0.22,northAmerica
195810,0.15,northAmerica
195811,-0.21,northAmerica
195812,-0.08,northAmerica
195901,-0.32,northAmerica
195902,-0.07,northAmerica
195903,-0.48,northAmerica
195904,-0.25,northAmerica
195905,-0.38,northAmerica
195906,0.08,northAmerica
195907,-0.03,northAmerica
195908,-0.25,northAmerica
195909,-0.11,northAmerica
195910,-0.96,northAmerica
195911,-0.84,northAmerica
195912,1.95,northAmerica
196001,0.65,northAmerica
196002,0.61,northAmerica
196003,-1.81,northAmerica
196004,-0.12,northAmerica
196005,0.45,northAmerica
196006,0.37,northAmerica
196007,0.31,northAmerica
196008,0.24,northAmerica
196009,0.32,northAmerica
196010,0.61,northAmerica
196011,0.13,northAmerica
196012,0.61,northAmerica
196101,0.6,northAmerica
196102,0.72,northAmerica
196103,-0.69,northAmerica
196104,-0.74,northAmerica
196105,-0.43,northAmerica
196106,0.48,northAmerica
196107,0.17,northAmerica
196108,0.35,northAmerica
196109,-0.81,northAmerica
196110,-0.68,northAmerica
196111,-0.33,northAmerica
196112,-1.08,northAmerica
196201,-0.43,northAmerica
196202,-0.41,northAmerica
196203,0.18,northAmerica
196204,-0.03,northAmerica
196205,-0.16,northAmerica
196206,0.04,northAmerica
196207,-0.22,northAmerica
196208,0.21,northAmerica
196209,-0.19,northAmerica
196210,0.77,northAmerica
196211,0.82,northAmerica
196212,0.89,northAmerica
196301,-0.61,northAmerica
196302,0.84,northAmerica
196303,-0.02,northAmerica
196304,0.84,northAmerica
196305,-0.28,northAmerica
196306,-0.07,northAmerica
196307,0.07,northAmerica
196308,0.04,northAmerica
196309,0.18,northAmerica
196310,1.64,northAmerica
196311,0.3,northAmerica
196312,-0.2,northAmerica
196401,0.82,northAmerica
196402,0.98,northAmerica
196403,-2.27,northAmerica
196404,-0.53,northAmerica
196405,-0.14,northAmerica
196406,-0.45,northAmerica
196407,-0.03,northAmerica
196408,-0.59,northAmerica
196409,-0.6,northAmerica
196410,-0.22,northAmerica
196411,-0.15,northAmerica
196412,-1.44,northAmerica
196501,-0.03,northAmerica
196502,-1.06,northAmerica
196503,-0.87,northAmerica
196504,0.22,northAmerica
196505,0.18,northAmerica
196506,-0.69,northAmerica
196507,-0.47,northAmerica
196508,-0.49,northAmerica
196509,-1.32,northAmerica
196510,-0.15,northAmerica
196511,0.74,northAmerica
196512,0.76,northAmerica
196601,-2.39,northAmerica
196602,0.01,northAmerica
196603,0.14,northAmerica
196604,-0.92,northAmerica
196605,-0.29,northAmerica
196606,-0.01,northAmerica
196607,0.45,northAmerica
196608,0.02,northAmerica
196609,0.36,northAmerica
196610,-0.57,northAmerica
196611,-0.8,northAmerica
196612,0.01,northAmerica
196701,0.76,northAmerica
196702,-0.87,northAmerica
196703,-0.64,northAmerica
196704,-0.84,northAmerica
196705,-0.53,northAmerica
196706,-0.38,northAmerica
196707,-0.32,northAmerica
196708,-0.1,northAmerica
196709,0.21,northAmerica
196710,-0.21,northAmerica
196711,-0.18,northAmerica
196712,0.83,northAmerica
196801,-0.58,northAmerica
196802,-0.03,northAmerica
196803,1.01,northAmerica
196804,-0.07,northAmerica
196805,-0.39,northAmerica
196806,-0.14,northAmerica
196807,-0.42,northAmerica
196808,-0.77,northAmerica
196809,0.13,northAmerica
196810,0.58,northAmerica
196811,0.3,northAmerica
196812,-1.05,northAmerica
196901,-0.82,northAmerica
196902,0.96,northAmerica
196903,-1.26,northAmerica
196904,0.64,northAmerica
196905,0.19,northAmerica
196906,-0.64,northAmerica
196907,-0.13,northAmerica
196908,0.26,northAmerica
196909,-0.13,northAmerica
196910,-0.69,northAmerica
196911,0.19,northAmerica
196912,2.08,northAmerica
197001,-0.54,northAmerica
197002,0.83,northAmerica
197003,-0.22,northAmerica
197004,-0.53,northAmerica
197005,-0.41,northAmerica
197006,0.09,northAmerica
197007,0.14,northAmerica
197008,0.24,northAmerica
197009,-0.35,northAmerica
197010,-0.39,northAmerica
197011,-0.04,northAmerica
197012,-1.13,northAmerica
197101,-1.32,northAmerica
197102,0.15,northAmerica
197103,-0.47,northAmerica
197104,-0.03,northAmerica
197105,-0.21,northAmerica
197106,0.47,northAmerica
197107,-0.23,northAmerica
197108,-0.07,northAmerica
197109,0.09,northAmerica
197110,0.23,northAmerica
197111,-0.5,northAmerica
197112,-1.36,northAmerica
197201,-1.04,northAmerica
197202,-1.7,northAmerica
197203,-0.09,northAmerica
197204,-0.97,northAmerica
197205,0.02,northAmerica
197206,-0.52,northAmerica
197207,-0.76,northAmerica
197208,-0.21,northAmerica
197209,-0.96,northAmerica
197210,-1.07,northAmerica
197211,-0.87,northAmerica
197212,-1.94,northAmerica
197301,0.71,northAmerica
197302,-0.48,northAmerica
197303,1.13,northAmerica
197304,-0.36,northAmerica
197305,0.23,northAmerica
197306,0.22,northAmerica
197307,0.02,northAmerica
197308,0.44,northAmerica
197309,0.23,northAmerica
197310,0.82,northAmerica
197311,-0.6,northAmerica
197312,0.43,northAmerica
197401,-0.8,northAmerica
197402,-0.37,northAmerica
197403,-0.49,northAmerica
197404,-0.24,northAmerica
197405,-0.31,northAmerica
197406,0.0,northAmerica
197407,0.15,northAmerica
197408,-0.48,northAmerica
197409,-1.13,northAmerica
197410,-0.78,northAmerica
197411,0.4,northAmerica
197412,0.36,northAmerica
197501,-0.73,northAmerica
197502,-0.16,northAmerica
197503,-1.15,northAmerica
197504,-0.71,northAmerica
197505,0.43,northAmerica
197506,0.24,northAmerica
197507,0.4,northAmerica
197508,-0.09,northAmerica
197509,-0.51,northAmerica
197510,0.04,northAmerica
197511,-0.37,northAmerica
197512,-0.75,northAmerica
197601,0.09,northAmerica
197602,0.84,northAmerica
197603,-0.18,northAmerica
197604,1.08,northAmerica
197605,0.05,northAmerica
197606,-0.07,northAmerica
197607,0.02,northAmerica
197608,-0.22,northAmerica
197609,0.44,northAmerica
197610,-0.95,northAmerica
197611,-0.05,northAmerica
197612,-0.4,northAmerica
197701,0.68,northAmerica
197702,2.42,northAmerica
197703,1.22,northAmerica
197704,1.27,northAmerica
197705,1.19,northAmerica
197706,0.62,northAmerica
197707,0.09,northAmerica
197708,-0.02,northAmerica
197709,0.46,northAmerica
197710,0.48,northAmerica
197711,0.21,northAmerica
197712,-0.86,northAmerica
197801,-0.3,northAmerica
197802,0.32,northAmerica
197803,-0.28,northAmerica
197804,0.35,northAmerica
197805,0.06,northAmerica
197806,-0.39,northAmerica
197807,-0.03,northAmerica
197808,-0.25,northAmerica
197809,0.14,northAmerica
197810,-0.61,northAmerica
197811,-0.89,northAmerica
197812,0.34,northAmerica
197901,-0.63,northAmerica
197902,-3.58,northAmerica
197903,0.18,northAmerica
197904,-0.14,northAmerica
197905,-0.4,northAmerica
197906,-0.14,northAmerica
197907,0.4,northAmerica
197908,-0.05,northAmerica
197909,0.54,northAmerica
197910,0.63,northAmerica
197911,0.59,northAmerica
197912,1.42,northAmerica
198001,1.07,northAmerica
198002,1.72,northAmerica
198003,0.24,northAmerica
198004,0.84,northAmerica
198005,1.11,northAmerica
198006,0.28,northAmerica
198007,0.54,northAmerica
198008,0.26,northAmerica
198009,-0.22,northAmerica
198010,0.22,northAmerica
198011,0.99,northAmerica
198012,-1.09,northAmerica
198101,3.42,northAmerica
198102,2.27,northAmerica
198103,2.42,northAmerica
198104,0.74,northAmerica
198105,0.35,northAmerica
198106,0.31,northAmerica
198107,0.31,northAmerica
198108,0.59,northAmerica
198109,0.44,northAmerica
198110,0.2,northAmerica
198111,1.92,northAmerica
198112,1.25,northAmerica
198201,-2.26,northAmerica
198202,-0.38,northAmerica
198203,-0.2,northAmerica
198204,-1.1,northAmerica
198205,-0.19,northAmerica
198206,-0.28,northAmerica
198207,0.07,northAmerica
198208,-0.39,northAmerica
198209,-0.11,northAmerica
198210,-0.13,northAmerica
198211,-1.04,northAmerica
198212,0.65,northAmerica
198301,0.74,northAmerica
198302,0.82,northAmerica
198303,0.01,northAmerica
198304,-0.65,northAmerica
198305,-1.2,northAmerica
198306,0.2,northAmerica
198307,0.26,northAmerica
198308,0.77,northAmerica
198309,0.31,northAmerica
198310,0.17,northAmerica
198311,1.5,northAmerica
198312,-2.05,northAmerica
198401,-0.24,northAmerica
198402,1.68,northAmerica
198403,0.29,northAmerica
198404,0.58,northAmerica
198405,0.02,northAmerica
198406,0.44,northAmerica
198407,0.22,northAmerica
198408,0.67,northAmerica
198409,-0.65,northAmerica
198410,-0.2,northAmerica
198411,-0.37,northAmerica
198412,-0.72,northAmerica
198501,1.49,northAmerica
198502,-1.15,northAmerica
198503,1.05,northAmerica
198504,0.27,northAmerica
198505,0.95,northAmerica
198506,-0.06,northAmerica
198507,0.02,northAmerica
198508,-0.38,northAmerica
198509,-0.24,northAmerica
198510,-0.29,northAmerica
198511,-1.72,northAmerica
198512,0.53,northAmerica
198601,2.33,northAmerica
198602,1.89,northAmerica
198603,1.11,northAmerica
198604,0.38,northAmerica
198605,0.57,northAmerica
198606,-0.07,northAmerica
198607,-0.24,northAmerica
198608,-0.09,northAmerica
198609,-0.17,northAmerica
198610,-0.52,northAmerica
198611,-1.67,northAmerica
198612,1.96,northAmerica
198701,2.7,northAmerica
198702,1.9,northAmerica
198703,0.62,northAmerica
198704,1.2,northAmerica
198705,0.54,northAmerica
198706,0.73,northAmerica
198707,0.21,northAmerica
198708,-0.2,northAmerica
198709,0.76,northAmerica
198710,0.13,northAmerica
198711,1.21,northAmerica
198712,2.21,northAmerica
198801,-0.05,northAmerica
198802,0.73,northAmerica
198803,1.4,northAmerica
198804,1.18,northAmerica
198805,0.85,northAmerica
198806,0.87,northAmerica
198807,0.67,northAmerica
198808,0.62,northAmerica
198809,0.31,northAmerica
198810,0.42,northAmerica
198811,0.59,northAmerica
198812,0.47,northAmerica
198901,0.26,northAmerica
198902,-0.39,northAmerica
198903,-1.08,northAmerica
198904,1.11,northAmerica
198905,0.02,northAmerica
198906,0.52,northAmerica
198907,0.77,northAmerica
198908,0.37,northAmerica
198909,0.18,northAmerica
198910,0.07,northAmerica
198911,-0.66,northAmerica
198912,-0.81,northAmerica
199001,1.58,northAmerica
199002,-0.99,northAmerica
199003,1.72,northAmerica
199004,0.8,northAmerica
199005,0.23,northAmerica
199006,0.85,northAmerica
199007,0.33,northAmerica
199008,0.32,northAmerica
199009,0.89,northAmerica
199010,-0.59,northAmerica
199011,-0.21,northAmerica
199012,-1.14,northAmerica
199101,-0.29,northAmerica
199102,2.66,northAmerica
199103,1.08,northAmerica
199104,0.99,northAmerica
199105,1.08,northAmerica
199106,0.87,northAmerica
199107,0.35,northAmerica
199108,0.61,northAmerica
199109,0.28,northAmerica
199110,-0.19,northAmerica
199111,-0.72,northAmerica
199112,0.76,northAmerica
199201,2.11,northAmerica
199202,1.11,northAmerica
199203,1.63,northAmerica
199204,-0.05,northAmerica
199205,-0.39,northAmerica
199206,-0.22,northAmerica
199207,-0.63,northAmerica
199208,-0.49,northAmerica
199209,-0.67,northAmerica
199210,0.14,northAmerica
199211,0.3,northAmerica
199212,-0.34,northAmerica
199301,0.46,northAmerica
199302,-0.15,northAmerica
199303,0.93,northAmerica
199304,0.45,northAmerica
199305,0.74,northAmerica
199306,0.07,northAmerica
199307,0.04,northAmerica
199308,0.06,northAmerica
199309,-0.25,northAmerica
199310,0.18,northAmerica
199311,-0.64,northAmerica
199312,1.04,northAmerica
199401,-0.85,northAmerica
199402,-1.25,northAmerica
199403,1.33,northAmerica
199404,0.58,northAmerica
199405,0.73,northAmerica
199406,0.86,northAmerica
199407,0.57,northAmerica
199408,0.53,northAmerica
199409,0.98,northAmerica
199410,0.8,northAmerica
199411,0.62,northAmerica
199412,1.25,northAmerica
199501,1.66,northAmerica
199502,0.95,northAmerica
199503,0.32,northAmerica
199504,0.59,northAmerica
199505,0.42,northAmerica
199506,0.86,northAmerica
199507,0.15,northAmerica
199508,0.79,northAmerica
199509,0.63,northAmerica
199510,0.2,northAmerica
199511,-0.04,northAmerica
199512,-0.02,northAmerica
199601,-0.78,northAmerica
199602,1.54,northAmerica
199603,-0.17,northAmerica
199604,0.31,northAmerica
199605,0.09,northAmerica
199606,0.76,northAmerica
199607,0.32,northAmerica
199608,0.12,northAmerica
199609,0.22,northAmerica
199610,-0.59,northAmerica
199611,-0.61,northAmerica
199612,0.55,northAmerica
199701,0.21,northAmerica
199702,1.29,northAmerica
199703,0.31,northAmerica
199704,-0.42,northAmerica
199705,-0.13,northAmerica
199706,0.67,northAmerica
199707,0.48,northAmerica
199708,0.44,northAmerica
199709,1.21,northAmerica
199710,-0.38,northAmerica
199711,0.91,northAmerica
199712,2.18,northAmerica
199801,1.06,northAmerica
199802,2.75,northAmerica
199803,0.97,northAmerica
199804,2.11,northAmerica
199805,1.93,northAmerica
199806,1.01,northAmerica
199807,1.39,northAmerica
199808,1.28,northAmerica
199809,1.87,northAmerica
199810,1.2,northAmerica
199811,2.13,northAmerica
199812,1.81,northAmerica
199901,1.19,northAmerica
199902,2.35,northAmerica
199903,1.82,northAmerica
199904,1.26,northAmerica
199905,0.23,northAmerica
199906,0.44,northAmerica
199907,0.27,northAmerica
199908,0.76,northAmerica
199909,0.47,northAmerica
199910,-0.05,northAmerica
199911,2.04,northAmerica
199912,1.66,northAmerica
200001,1.41,northAmerica
200002,2.86,northAmerica
200003,2.53,northAmerica
200004,0.84,northAmerica
200005,0.36,northAmerica
200006,0.07,northAmerica
200007,0.6,northAmerica
200008,0.45,northAmerica
200009,0.25,northAmerica
200010,0.28,northAmerica
200011,0.34,northAmerica
200012,-0.69,northAmerica
200101,2.63,northAmerica
200102,0.71,northAmerica
200103,0.87,northAmerica
200104,0.97,northAmerica
200105,0.81,northAmerica
200106,0.45,northAmerica
200107,0.66,northAmerica
200108,1.12,northAmerica
200109,1.13,northAmerica
200110,0.32,northAmerica
200111,1.88,northAmerica
200112,2.14,northAmerica
200201,2.1,northAmerica
200202,0.72,northAmerica
200203,-1.07,northAmerica
200204,-0.31,northAmerica
200205,-0.37,northAmerica
200206,1.02,northAmerica
200207,0.81,northAmerica
200208,0.33,northAmerica
200209,1.21,northAmerica
200210,-0.02,northAmerica
200211,1.37,northAmerica
200212,3.18,northAmerica
200301,2.44,northAmerica
200302,0.08,northAmerica
200303,0.38,northAmerica
200304,0.79,northAmerica
200305,0.76,northAmerica
200306,0.39,northAmerica
200307,0.92,northAmerica
200308,1.18,northAmerica
200309,0.81,northAmerica
200310,1.81,northAmerica
200311,0.64,northAmerica
200312,1.83,northAmerica
200401,-0.2,northAmerica
200402,1.39,northAmerica
200403,1.34,northAmerica
200404,0.75,northAmerica
200405,-0.12,northAmerica
200406,0.14,northAmerica
200407,0.34,northAmerica
200408,-0.12,northAmerica
200409,0.34,northAmerica
200410,0.81,northAmerica
200411,1.22,northAmerica
200412,0.11,northAmerica
200501,1.1,northAmerica
200502,2.25,northAmerica
200503,1.8,northAmerica
200504,1.64,northAmerica
200505,0.75,northAmerica
200506,0.8,northAmerica
200507,0.74,northAmerica
200508,0.52,northAmerica
200509,0.87,northAmerica
200510,0.94,northAmerica
200511,1.51,northAmerica
200512,1.88,northAmerica
200601,3.37,northAmerica
200602,1.83,northAmerica
200603,1.58,northAmerica
200604,2.06,northAmerica
200605,1.59,northAmerica
200606,1.25,northAmerica
200607,1.05,northAmerica
200608,0.75,northAmerica
200609,0.83,northAmerica
200610,0.71,northAmerica
200611,-0.05,northAmerica
200612,2.8,northAmerica
200701,2.03,northAmerica
200702,0.49,northAmerica
200703,0.92,northAmerica
200704,0.85,northAmerica
200705,0.47,northAmerica
200706,0.89,northAmerica
200707,1.2,northAmerica
200708,0.68,northAmerica
200709,0.46,northAmerica
200710,1.1,northAmerica
200711,0.9,northAmerica
200712,0.38,northAmerica
200801,0.78,northAmerica
200802,0.01,northAmerica
200803,-0.2,northAmerica
200804,0.28,northAmerica
200805,0.43,northAmerica
200806,0.7,northAmerica
200807,0.44,northAmerica
200808,0.47,northAmerica
200809,0.4,northAmerica
200810,0.49,northAmerica
200811,1.39,northAmerica
200812,-0.62,northAmerica
200901,1.0,northAmerica
200902,1.18,northAmerica
200903,-0.37,northAmerica
200904,0.39,northAmerica
200905,0.06,northAmerica
200906,0.21,northAmerica
200907,0.28,northAmerica
200908,0.28,northAmerica
200909,1.31,northAmerica
200910,-0.76,northAmerica
200911,1.9,northAmerica
200912,0.66,northAmerica
201001,2.07,northAmerica
201002,2.37,northAmerica
201003,2.68,northAmerica
201004,2.69,northAmerica
201005,0.85,northAmerica
201006,0.98,northAmerica
201007,0.94,northAmerica
201008,1.21,northAmerica
201009,1.11,northAmerica
201010,1.61,northAmerica
201011,1.75,northAmerica
201012,1.57,northAmerica
201101,1.48,northAmerica
201102,0.66,northAmerica
201103,0.51,northAmerica
201104,-0.11,northAmerica
201105,0.36,northAmerica
201106,0.73,northAmerica
201107,1.21,northAmerica
201108,1.31,northAmerica
201109,1.38,northAmerica
201110,1.06,northAmerica
201111,0.86,northAmerica
201112,1.95,northAmerica
201201,2.09,northAmerica
201202,2.83,northAmerica
201203,2.31,northAmerica
201204,1.61,northAmerica
201205,1.31,northAmerica
201206,1.57,northAmerica
201207,1.64,northAmerica
201208,1.36,northAmerica
201209,1.46,northAmerica
201210,0.46,northAmerica
201211,0.42,northAmerica
201212,1.01,northAmerica
201301,1.71,northAmerica
201302,1.39,northAmerica
201303,0.93,northAmerica
201304,-0.67,northAmerica
201305,0.2,northAmerica
201306,1.27,northAmerica
201307,0.42,northAmerica
201308,0.77,northAmerica
201309,1.22,northAmerica
201310,1.02,northAmerica
201311,0.0,northAmerica
201312,-1.09,northAmerica
201401,2.16,northAmerica
201402,-0.05,northAmerica
201403,-0.32,northAmerica
201404,0.22,northAmerica
201405,0.85,northAmerica
201406,0.99,northAmerica
201407,0.62,northAmerica
201408,0.91,northAmerica
201409,0.81,northAmerica
201410,1.51,northAmerica
201411,-0.18,northAmerica
201412,2.16,northAmerica
201501,1.76,northAmerica
201502,-0.24,northAmerica
201503,1.69,northAmerica
201504,1.07,northAmerica
201505,0.99,northAmerica
201506,1.34,northAmerica
201507,0.76,northAmerica
201508,0.89,northAmerica
201509,1.61,northAmerica
201510,1.34,northAmerica
201511,1.71,northAmerica
201512,2.44,northAmerica
201601,3.25,northAmerica
201602,3.0,northAmerica
201603,2.93,northAmerica
201604,1.52,northAmerica
201605,1.43,northAmerica
201606,1.59,northAmerica
201607,1.29,northAmerica
201608,1.25,northAmerica
201609,1.53,northAmerica
201610,1.32,northAmerica
201611,3.44,northAmerica
201612,0.71,northAmerica
201701,2.82,northAmerica
201702,2.96,northAmerica
201703,1.16,northAmerica
201704,1.11,northAmerica
201705,1.19,northAmerica
201706,1.07,northAmerica
201707,1.02,northAmerica
201708,0.82,northAmerica
201709,1.43,northAmerica
201710,1.34,northAmerica
201711,0.96,northAmerica
201712,1.96,northAmerica
201801,2.02,northAmerica
201802,1.0,northAmerica
201803,1.6,northAmerica
201804,-0.36,northAmerica
201805,1.4,northAmerica
201806,1.03,northAmerica
201807,0.99,northAmerica
201808,0.72,northAmerica
201809,0.39,northAmerica
201810,0.04,northAmerica
201811,0.07,northAmerica
201812,2.14,northAmerica
201901,1.42,northAmerica
201902,-0.18,northAmerica
201903,1.75,northAmerica
201904,1.35,northAmerica
201905,0.93,northAmerica
201906,0.89,northAmerica
201907,1.04,northAmerica
201908,0.99,northAmerica
201909,1.74,northAmerica
201910,0.68,northAmerica
201911,1.12,northAmerica
201912,1.86,northAmerica
202001,1.89,northAmerica
202002,1.1,northAmerica
202003,1.16,northAmerica
202004,0.64,northAmerica
202005,0.64,northAmerica
202006,1.0,northAmerica
202007,1.31,northAmerica
202008,1.37,northAmerica
202009,0.64,northAmerica
202010,0.46,northAmerica
202011,1.57,northAmerica
202012,2.68,northAmerica
202101,3.89,northAmerica
202102,-0.4,northAmerica
202103,2.02,northAmerica
202104,1.18,northAmerica
202105,0.54,northAmerica
202106,1.77,northAmerica
202107,1.11,northAmerica
202108,1.11,northAmerica
202109,1.56,northAmerica
202110,2.41,northAmerica
202111,1.83,northAmerica
202112,1.9,northAmerica
202201,0.93,northAmerica
202202,-0.27,northAmerica
202203,1.68,northAmerica
202204,0.09,northAmerica
202205,0.86,northAmerica
202206,1.2,northAmerica
202207,1.44,northAmerica
202208,1.71,northAmerica
202209,1.99,northAmerica
202210,1.68,northAmerica
202211,0.68,northAmerica
202212,0.62,northAmerica
202301,3.31,northAmerica
202302,0.77,northAmerica
202303,0.61,northAmerica
202304,0.94,northAmerica
202305,2.12,northAmerica
202306,1.42,northAmerica
202307,1.76,northAmerica
202308,1.79,northAmerica
202309,2.37,northAmerica
202310,2.06,northAmerica
202311,2.61,northAmerica
202312,4.4,northAmerica
202401,2.14,northAmerica
202402,3.38,northAmerica
202403,1.92,northAmerica
202404,2.29,northAmerica
202405,1.48,northAmerica
202406,1.42,northAmerica
202407,1.59,northAmerica
202408,1.48,northAmerica
202409,2.67,northAmerica
202410,2.43,northAmerica
202411,2.57,northAmerica
202412,3.22,northAmerica
202501,2.45,northAmerica
202502,1.68,northAmerica
202503,2.39,northAmerica
202504,1.85,northAmerica
202505,1.54,northAmerica
202506,1.31,northAmerica
202507,1.05,northAmerica
202508,1.53,northAmerica
202509,2.41,northAmerica
202510,2.73,northAmerica
202511,3.47,northAmerica
202512,1.36,northAmerica
202601,2.93,northAmerica
185001,-0.41,southAmerica
185002,0.11,southAmerica
185003,-0.3,southAmerica
185004,-0.28,southAmerica
185005,-0.16,southAmerica
185006,-0.26,southAmerica
185007,0.2,southAmerica
185008,0.15,southAmerica
185009,-0.17,southAmerica
185010,-0.72,southAmerica
185011,-0.22,southAmerica
185012,0.32,southAmerica
185101,0.05,southAmerica
185102,0.19,southAmerica
185103,0.09,southAmerica
185104,-0.08,southAmerica
185105,-0.63,southAmerica
185106,0.25,southAmerica
185107,0.82,southAmerica
185108,0.22,southAmerica
185109,-0.24,southAmerica
185110,0.19,southAmerica
185111,-0.13,southAmerica
185112,-0.01,southAmerica
185201,0.14,southAmerica
185202,-0.38,southAmerica
185203,-0.3,southAmerica
185204,-0.08,southAmerica
185205,-0.05,southAmerica
185206,0.86,southAmerica
185207,0.74,southAmerica
185208,1.36,southAmerica
185209,0.2,southAmerica
185210,0.28,southAmerica
185211,0.66,southAmerica
185212,0.39,southAmerica
185301,0.0,southAmerica
185302,-0.47,southAmerica
185303,-0.34,southAmerica
185304,-0.38,southAmerica
185305,0.09,southAmerica
185306,0.73,southAmerica
185307,0.75,southAmerica
185308,-0.01,southAmerica
185309,0.15,southAmerica
185310,0.26,southAmerica
185311,-0.24,southAmerica
185312,-0.43,southAmerica
185401,-0.02,southAmerica
185402,-0.23,southAmerica
185403,-0.16,southAmerica
185404,-0.4,southAmerica
185405,-0.19,southAmerica
185406,0.99,southAmerica
185407,0.36,southAmerica
185408,-0.65,southAmerica
185409,-0.45,southAmerica
185410,-0.07,southAmerica
185411,-0.34,southAmerica
185412,-0.15,southAmerica
185501,-0.28,southAmerica
185502,-0.76,southAmerica
185503,-0.32,southAmerica
185504,-0.52,southAmerica
185505,0.34,southAmerica
185506,0.66,southAmerica
185507,-0.17,southAmerica
185508,0.09,southAmerica
185509,-0.41,southAmerica
185510,0.16,southAmerica
185511,0.24,southAmerica
185512,-0.31,southAmerica
185601,0.26,southAmerica
185602,0.14,southAmerica
185603,-0.56,southAmerica
185604,-0.57,southAmerica
185605,-0.55,southAmerica
185606,-0.02,southAmerica
185607,-0.32,southAmerica
185608,-0.35,southAmerica
185609,-0.45,southAmerica
185610,-0.58,southAmerica
185611,0.03,southAmerica
185612,-0.26,southAmerica
185701,-0.14,southAmerica
185702,-0.61,southAmerica
185703,0.2,southAmerica
185704,-0.11,southAmerica
185705,-0.29,southAmerica
185706,0.24,southAmerica
185707,0.35,southAmerica
185708,-0.08,southAmerica
185709,-0.16,southAmerica
185710,-0.04,southAmerica
185711,0.26,southAmerica
185712,0.19,southAmerica
185801,-0.04,southAmerica
185802,-0.19,southAmerica
185803,-0.04,southAmerica
185804,-0.16,southAmerica
185805,-1.08,southAmerica
185806,-0.1,southAmerica
185807,-0.39,southAmerica
185808,-0.23,southAmerica
185809,-0.52,southAmerica
185810,-0.23,southAmerica
185811,-0.77,southAmerica
185812,-0.81,southAmerica
185901,-0.54,southAmerica
185902,-0.28,southAmerica
185903,-0.47,southAmerica
185904,-0.42,southAmerica
185905,-0.45,southAmerica
185906,-0.2,southAmerica
185907,-0.57,southAmerica
185908,-0.56,southAmerica
185909,-1.34,southAmerica
185910,-0.73,southAmerica
185911,-0.97,southAmerica
185912,-0.24,southAmerica
186001,-0.71,southAmerica
186002,-0.74,southAmerica
186003,-0.61,southAmerica
186004,-1.24,southAmerica
186005,-1.73,southAmerica
186006,-1.22,southAmerica
186007,-0.99,southAmerica
186008,-0.56,southAmerica
186009,-1.53,southAmerica
186010,-1.34,southAmerica
186011,-0.86,southAmerica
186012,-0.87,southAmerica
186101,-0.95,southAmerica
186102,-0.7,southAmerica
186103,-0.64,southAmerica
186104,-1.14,southAmerica
186105,-1.71,southAmerica
186106,-1.09,southAmerica
186107,-1.35,southAmerica
186108,-0.52,southAmerica
186109,-1.26,southAmerica
186110,-1.51,southAmerica
186111,-1.05,southAmerica
186112,-0.55,southAmerica
186201,-1.08,southAmerica
186202,-1.44,southAmerica
186203,-0.97,southAmerica
186204,-0.59,southAmerica
186205,-0.96,southAmerica
186206,-0.45,southAmerica
186207,-1.28,southAmerica
186208,-1.36,southAmerica
186209,-1.89,southAmerica
186210,-1.29,southAmerica
186211,-0.87,southAmerica
186212,-0.86,southAmerica
186301,-0.65,southAmerica
186302,-0.87,southAmerica
186303,-0.85,southAmerica
186304,-1.13,southAmerica
186305,-1.69,southAmerica
186306,-1.01,southAmerica
186307,-1.23,southAmerica
186308,-1.33,southAmerica
186309,-1.96,southAmerica
186310,-1.62,southAmerica
186311,-1.35,southAmerica
186312,-1.09,southAmerica
186401,-1.16,southAmerica
186402,-1.43,southAmerica
186403,-0.71,southAmerica
186404,-0.88,southAmerica
186405,-0.92,southAmerica
186406,-1.11,southAmerica
186407,-1.49,southAmerica
186408,-1.23,southAmerica
186409,-1.39,southAmerica
186410,-1.17,southAmerica
186411,-0.94,southAmerica
186412,-1.1,southAmerica
186501,-0.68,southAmerica
186502,-0.51,southAmerica
186503,-0.64,southAmerica
186504,-1.03,southAmerica
186505,-0.97,southAmerica
186506,-0.01,southAmerica
186507,-1.11,southAmerica
186508,-0.6,southAmerica
186509,-0.87,southAmerica
186510,-0.91,southAmerica
186511,-0.6,southAmerica
186512,-0.43,southAmerica
186601,-0.43,southAmerica
186602,-0.55,southAmerica
186603,-0.52,southAmerica
186604,-0.43,southAmerica
186605,-0.86,southAmerica
186606,-1.35,southAmerica
186607,-0.72,southAmerica
186608,-1.38,southAmerica
186609,-0.9,southAmerica
186610,-1.35,southAmerica
186611,-1.62,southAmerica
186612,-0.96,southAmerica
186701,-0.61,southAmerica
186702,-1.09,southAmerica
186703,-1.01,southAmerica
186704,-1.59,southAmerica
186705,-0.84,southAmerica
186706,-1.15,southAmerica
186707,-1.29,southAmerica
186708,-1.18,southAmerica
186709,-0.62,southAmerica
186710,-1.04,southAmerica
186711,-0.78,southAmerica
186712,-0.95,southAmerica
186801,-0.79,southAmerica
186802,-0.67,southAmerica
186803,-0.81,southAmerica
186804,-1.27,southAmerica
186805,-1.46,southAmerica
186806,-0.61,southAmerica
186807,-0.91,southAmerica
186808,-0.36,southAmerica
186809,-0.57,southAmerica
186810,-0.51,southAmerica
186811,-1.31,southAmerica
186812,-0.43,southAmerica
186901,-0.38,southAmerica
186902,0.12,southAmerica
186903,-0.52,southAmerica
186904,-0.45,southAmerica
186905,0.07,southAmerica
186906,-0.87,southAmerica
186907,-1.0,southAmerica
186908,-1.18,southAmerica
186909,-0.92,southAmerica
186910,-0.95,southAmerica
186911,-0.78,southAmerica
186912,-0.66,southAmerica
187001,-0.53,southAmerica
187002,-0.99,southAmerica
187003,-0.9,southAmerica
187004,-1.08,southAmerica
187005,-1.17,southAmerica
187006,-0.7,southAmerica
187007,-0.44,southAmerica
187008,0.04,southAmerica
187009,-1.28,southAmerica
187010,-0.85,southAmerica
187011,-0.79,southAmerica
187012,-0.21,southAmerica
187101,-0.69,southAmerica
187102,-0.79,southAmerica
187103,-0.58,southAmerica
187104,-0.71,southAmerica
187105,-1.32,southAmerica
187106,-1.15,southAmerica
187107,-0.91,southAmerica
187108,-0.93,southAmerica
187109,-1.25,southAmerica
187110,-1.5,southAmerica
187111,-0.67,southAmerica
187112,-0.38,southAmerica
187201,-0.72,southAmerica
187202,-0.91,southAmerica
187203,-0.49,southAmerica
187204,-0.92,southAmerica
187205,-1.45,southAmerica
187206,-0.48,southAmerica
187207,-0.87,southAmerica
187208,0.05,southAmerica
187209,-0.36,southAmerica
187210,-0.64,southAmerica
187211,-0.97,southAmerica
187212,-0.74,southAmerica
187301,0.05,southAmerica
187302,-0.71,southAmerica
187303,-0.98,southAmerica
187304,-0.87,southAmerica
187305,-0.74,southAmerica
187306,-0.72,southAmerica
187307,-0.66,southAmerica
187308,-0.38,southAmerica
187309,-0.51,southAmerica
187310,-1.14,southAmerica
187311,-0.39,southAmerica
187312,-0.79,southAmerica
187401,0.04,southAmerica
187402,-0.48,southAmerica
187403,-1.1,southAmerica
187404,-0.86,southAmerica
187405,-1.75,southAmerica
187406,-0.55,southAmerica
187407,-1.28,southAmerica
187408,-1.72,southAmerica
187409,-0.95,southAmerica
187410,-0.92,southAmerica
187411,-0.98,southAmerica
187412,-1.2,southAmerica
187501,-0.51,southAmerica
187502,-0.95,southAmerica
187503,-0.83,southAmerica
187504,-0.81,southAmerica
187505,-1.01,southAmerica
187506,-1.62,southAmerica
187507,-0.87,southAmerica
187508,-1.13,southAmerica
187509,-0.86,southAmerica
187510,-1.08,southAmerica
187511,-1.58,southAmerica
187512,-1.45,southAmerica
187601,-1.08,southAmerica
187602,-1.21,southAmerica
187603,-0.62,southAmerica
187604,-0.42,southAmerica
187605,-0.91,southAmerica
187606,-0.66,southAmerica
187607,-0.98,southAmerica
187608,-1.54,southAmerica
187609,-0.69,southAmerica
187610,-0.84,southAmerica
187611,-1.78,southAmerica
187612,-1.45,southAmerica
187701,-0.4,southAmerica
187702,-0.49,southAmerica
187703,-0.5,southAmerica
187704,0.09,southAmerica
187705,-0.8,southAmerica
187706,-0.27,southAmerica
187707,0.49,southAmerica
187708,-0.45,southAmerica
187709,-0.1,southAmerica
187710,0.05,southAmerica
187711,-0.19,southAmerica
187712,-0.41,southAmerica
187801,-0.23,southAmerica
187802,0.25,southAmerica
187803,0.08,southAmerica
187804,-0.08,southAmerica
187805,-0.51,southAmerica
187806,0.39,southAmerica
187807,0.07,southAmerica
187808,-0.49,southAmerica
187809,-0.29,southAmerica
187810,-0.77,southAmerica
187811,-0.64,southAmerica
187812,-1.11,southAmerica
187901,-1.33,southAmerica
187902,-0.88,southAmerica
187903,-1.16,southAmerica
187904,-1.13,southAmerica
187905,-0.95,southAmerica
187906,-0.88,southAmerica
187907,-0.29,southAmerica
187908,-0.65,southAmerica
187909,-1.02,southAmerica
187910,-0.96,southAmerica
187911,-1.7,southAmerica
187912,-1.07,southAmerica
188001,-1.03,southAmerica
188002,-1.28,southAmerica
188003,-0.95,southAmerica
188004,-1.0,southAmerica
188005,-0.79,southAmerica
188006,-0.14,southAmerica
188007,-0.53,southAmerica
188008,0.16,southAmerica
188009,-0.88,southAmerica
188010,-1.1,southAmerica
188011,-0.79,southAmerica
188012,-0.62,southAmerica
188101,-0.75,southAmerica
188102,-0.85,southAmerica
188103,-0.48,southAmerica
188104,-0.8,southAmerica
188105,-0.24,southAmerica
188106,-0.35,southAmerica
188107,-0.29,southAmerica
188108,-0.78,southAmerica
188109,-0.12,southAmerica
188110,-0.34,southAmerica
188111,-0.77,southAmerica
188112,-0.29,southAmerica
188201,-0.58,southAmerica
188202,-0.69,southAmerica
188203,-0.82,southAmerica
188204,-0.76,southAmerica
188205,-0.66,southAmerica
188206,-0.68,southAmerica
188207,-1.03,southAmerica
188208,-0.18,southAmerica
188209,-0.81,southAmerica
188210,-0.37,southAmerica
188211,-1.07,southAmerica
188212,-1.19,southAmerica
188301,-1.14,southAmerica
188302,-1.41,southAmerica
188303,-0.94,southAmerica
188304,-0.86,southAmerica
188305,-0.65,southAmerica
188306,0.16,southAmerica
188307,-0.51,southAmerica
188308,-0.55,southAmerica
188309,-0.43,southAmerica
188310,-0.69,southAmerica
188311,-1.09,southAmerica
188312,-1.25,southAmerica
188401,-0.88,southAmerica
188402,-0.9,southAmerica
188403,-1.03,southAmerica
188404,-0.76,southAmerica
188405,-1.09,southAmerica
188406,-1.17,southAmerica
188407,-0.65,southAmerica
188408,1.18,southAmerica
188409,-0.27,southAmerica
188410,-1.49,southAmerica
188411,-1.19,southAmerica
188412,-1.02,southAmerica
188501,-0.87,southAmerica
188502,-0.63,southAmerica
188503,-1.21,southAmerica
188504,-0.79,southAmerica
188505,-0.73,southAmerica
188506,-1.3,southAmerica
188507,-1.23,southAmerica
188508,-0.36,southAmerica
188509,-0.07,southAmerica
188510,-0.51,southAmerica
188511,-0.36,southAmerica
188512,-0.32,southAmerica
188601,-0.37,southAmerica
188602,-1.12,southAmerica
188603,-0.57,southAmerica
188604,-0.39,southAmerica
188605,-1.04,southAmerica
188606,-0.87,southAmerica
188607,-0.98,southAmerica
188608,-0.33,southAmerica
188609,-0.74,southAmerica
188610,-0.96,southAmerica
188611,-0.7,southAmerica
188612,-0.64,southAmerica
188701,-0.86,southAmerica
188702,-1.25,southAmerica
188703,-0.99,southAmerica
188704,-1.0,southAmerica
188705,-1.08,southAmerica
188706,-0.24,southAmerica
188707,-1.23,southAmerica
188708,0.03,southAmerica
188709,-0.65,southAmerica
188710,-0.78,southAmerica
188711,-1.07,southAmerica
188712,-0.81,southAmerica
188801,-0.68,southAmerica
188802,-0.93,southAmerica
188803,-0.37,southAmerica
188804,-0.83,southAmerica
188805,-0.7,southAmerica
188806,-1.07,southAmerica
188807,-0.25,southAmerica
188808,0.23,southAmerica
188809,0.57,southAmerica
188810,0.4,southAmerica
188811,0.38,southAmerica
188812,-0.19,southAmerica
188901,-0.07,southAmerica
188902,-0.14,southAmerica
188903,0.09,southAmerica
188904,-0.2,southAmerica
188905,0.35,southAmerica
188906,-0.45,southAmerica
188907,-0.47,southAmerica
188908,-0.52,southAmerica
188909,-0.61,southAmerica
188910,-0.29,southAmerica
188911,-0.75,southAmerica
188912,-0.35,southAmerica
189001,-1.12,southAmerica
189002,-1.13,southAmerica
189003,-1.07,southAmerica
189004,-0.88,southAmerica
189005,-0.62,southAmerica
189006,-1.3,southAmerica
189007,-0.87,southAmerica
189008,-1.33,southAmerica
189009,-0.93,southAmerica
189010,-0.94,southAmerica
189011,-0.91,southAmerica
189012,-0.46,southAmerica
189101,-0.79,southAmerica
189102,-0.91,southAmerica
189103,-0.62,southAmerica
189104,-0.37,southAmerica
189105,-0.34,southAmerica
189106,-0.34,southAmerica
189107,-0.1,southAmerica
189108,0.04,southAmerica
189109,-0.66,southAmerica
189110,-0.49,southAmerica
189111,-0.34,southAmerica
189112,-0.47,southAmerica
189201,-0.38,southAmerica
189202,-0.35,southAmerica
189203,-0.56,southAmerica
189204,-0.71,southAmerica
189205,-1.06,southAmerica
189206,-1.49,southAmerica
189207,-0.89,southAmerica
189208,-1.56,southAmerica
189209,-1.54,southAmerica
189210,-0.75,southAmerica
189211,-1.2,southAmerica
189212,-1.3,southAmerica
189301,-1.22,southAmerica
189302,-1.18,southAmerica
189303,-0.54,southAmerica
189304,-1.62,southAmerica
189305,-1.3,southAmerica
189306,-1.16,southAmerica
189307,-0.45,southAmerica
189308,-0.6,southAmerica
189309,-1.14,southAmerica
189310,-1.51,southAmerica
189311,-0.79,southAmerica
189312,-0.45,southAmerica
189401,-0.69,southAmerica
189402,-0.56,southAmerica
189403,-0.74,southAmerica
189404,-1.13,southAmerica
189405,-0.31,southAmerica
189406,-1.01,southAmerica
189407,-0.79,southAmerica
189408,-0.31,southAmerica
189409,-0.46,southAmerica
189410,-0.46,southAmerica
189411,-0.11,southAmerica
189412,-0.68,southAmerica
189501,-0.34,southAmerica
189502,-0.69,southAmerica
189503,-0.42,southAmerica
189504,-0.45,southAmerica
189505,-0.65,southAmerica
189506,0.19,southAmerica
189507,0.03,southAmerica
189508,0.53,southAmerica
189509,-0.17,southAmerica
189510,-0.82,southAmerica
189511,-0.32,southAmerica
189512,-0.18,southAmerica
189601,-0.61,southAmerica
189602,-0.03,southAmerica
189603,-0.18,southAmerica
189604,-0.39,southAmerica
189605,-0.38,southAmerica
189606,-0.5,southAmerica
189607,0.55,southAmerica
189608,0.78,southAmerica
189609,0.67,southAmerica
189610,-0.34,southAmerica
189611,0.06,southAmerica
189612,-0.11,southAmerica
189701,-0.19,southAmerica
189702,-0.08,southAmerica
189703,0.61,southAmerica
189704,0.33,southAmerica
189705,0.26,southAmerica
189706,-0.53,southAmerica
189707,-0.92,southAmerica
189708,-0.71,southAmerica
189709,-0.8,southAmerica
189710,-0.23,southAmerica
189711,-0.47,southAmerica
189712,0.16,southAmerica
189801,-0.24,southAmerica
189802,-0.21,southAmerica
189803,-0.49,southAmerica
189804,-0.82,southAmerica
189805,-0.3,southAmerica
189806,0.89,southAmerica
189807,-0.23,southAmerica
189808,-0.17,southAmerica
189809,-0.37,southAmerica
189810,-1.38,southAmerica
189811,-0.47,southAmerica
189812,-0.21,southAmerica
189901,-0.72,southAmerica
189902,-0.71,southAmerica
189903,-0.34,southAmerica
189904,0.09,southAmerica
189905,0.49,southAmerica
189906,-0.32,southAmerica
189907,0.64,southAmerica
189908,0.61,southAmerica
189909,0.26,southAmerica
189910,-1.29,southAmerica
189911,-0.38,southAmerica
189912,0.19,southAmerica
190001,0.0,southAmerica
190002,0.48,southAmerica
190003,-0.01,southAmerica
190004,-0.1,southAmerica
190005,0.08,southAmerica
190006,0.2,southAmerica
190007,0.23,southAmerica
190008,0.01,southAmerica
190009,-0.03,southAmerica
190010,0.17,southAmerica
190011,0.19,southAmerica
190012,0.17,southAmerica
190101,-0.27,southAmerica
190102,0.04,southAmerica
190103,-0.1,southAmerica
190104,-0.38,southAmerica
190105,0.1,southAmerica
190106,0.91,southAmerica
190107,0.66,southAmerica
190108,0.79,southAmerica
190109,0.91,southAmerica
190110,0.74,southAmerica
190111,-0.19,southAmerica
190112,-0.07,southAmerica
190201,-0.12,southAmerica
190202,0.3,southAmerica
190203,0.0,southAmerica
190204,0.45,southAmerica
190205,0.61,southAmerica
190206,0.8,southAmerica
190207,0.31,southAmerica
190208,-0.34,southAmerica
190209,0.32,southAmerica
190210,-0.16,southAmerica
190211,0.14,southAmerica
190212,0.22,southAmerica
190301,-0.19,southAmerica
190302,0.3,southAmerica
190303,0.13,southAmerica
190304,-0.41,southAmerica
190305,-0.14,southAmerica
190306,0.32,southAmerica
190307,-0.04,southAmerica
190308,0.2,southAmerica
190309,-0.07,southAmerica
190310,-0.55,southAmerica
190311,-0.63,southAmerica
190312,-0.56,southAmerica
190401,-0.7,southAmerica
190402,-0.84,southAmerica
190403,-0.98,southAmerica
190404,-0.18,southAmerica
190405,-0.5,southAmerica
190406,-0.11,southAmerica
190407,0.19,southAmerica
190408,-0.17,southAmerica
190409,-0.15,southAmerica
190410,-0.45,southAmerica
190411,-0.56,southAmerica
190412,-0.37,southAmerica
190501,-0.3,southAmerica
190502,-0.35,southAmerica
190503,-0.18,southAmerica
190504,-0.26,southAmerica
190505,0.17,southAmerica
190506,0.74,southAmerica
190507,-0.02,southAmerica
190508,0.16,southAmerica
190509,0.01,southAmerica
190510,0.15,southAmerica
190511,0.17,southAmerica
190512,-0.14,southAmerica
190601,-0.28,southAmerica
190602,0.19,southAmerica
190603,0.49,southAmerica
190604,0.04,southAmerica
190605,0.67,southAmerica
190606,-0.6,southAmerica
190607,0.28,southAmerica
190608,0.07,southAmerica
190609,-0.36,southAmerica
190610,0.09,southAmerica
190611,0.02,southAmerica
190612,-0.53,southAmerica
190701,-0.46,southAmerica
190702,-0.49,southAmerica
190703,-0.01,southAmerica
190704,-0.18,southAmerica
190705,-0.76,southAmerica
190706,-0.25,southAmerica
190707,-0.15,southAmerica
190708,-0.44,southAmerica
190709,0.29,southAmerica
190710,0.0,southAmerica
190711,0.18,southAmerica
190712,-0.29,southAmerica
190801,-0.35,southAmerica
190802,-0.55,southAmerica
190803,-0.16,southAmerica
190804,-0.37,southAmerica
190805,-0.16,southAmerica
190806,0.38,southAmerica
190807,0.37,southAmerica
190808,-0.67,southAmerica
190809,-0.23,southAmerica
190810,-0.21,southAmerica
190811,-0.82,southAmerica
190812,-0.61,southAmerica
190901,-0.6,southAmerica
190902,-0.52,southAmerica
190903,-0.51,southAmerica
190904,-0.03,southAmerica
190905,-0.78,southAmerica
190906,-0.49,southAmerica
190907,-0.25,southAmerica
190908,-0.12,southAmerica
190909,-0.17,southAmerica
190910,-0.3,southAmerica
190911,-0.38,southAmerica
190912,-0.8,southAmerica
191001,-0.48,southAmerica
191002,-0.68,southAmerica
191003,-0.82,southAmerica
191004,-0.61,southAmerica
191005,-0.71,southAmerica
191006,0.05,southAmerica
191007,-0.22,southAmerica
191008,0.09,southAmerica
191009,-0.07,southAmerica
191010,-0.63,southAmerica
191011,-0.33,southAmerica
191012,-0.71,southAmerica
191101,-0.37,southAmerica
191102,-0.52,southAmerica
191103,-0.82,southAmerica
191104,-0.82,southAmerica
191105,-0.15,southAmerica
191106,-0.57,southAmerica
191107,-0.28,southAmerica
191108,-0.77,southAmerica
191109,-0.86,southAmerica
191110,-0.68,southAmerica
191111,0.13,southAmerica
191112,0.14,southAmerica
191201,-0.14,southAmerica
191202,0.1,southAmerica
191203,0.24,southAmerica
191204,0.11,southAmerica
191205,0.1,southAmerica
191206,0.12,southAmerica
191207,-0.8,southAmerica
191208,-0.08,southAmerica
191209,-0.75,southAmerica
191210,-0.49,southAmerica
191211,-0.32,southAmerica
191212,-0.56,southAmerica
191301,-0.55,southAmerica
191302,-0.13,southAmerica
191303,-0.43,southAmerica
191304,-0.25,southAmerica
191305,-0.23,southAmerica
191306,-0.29,southAmerica
191307,0.58,southAmerica
191308,0.08,southAmerica
191309,-0.36,southAmerica
191310,-0.25,southAmerica
191311,0.13,southAmerica
191312,-0.24,southAmerica
191401,0.04,southAmerica
191402,-0.23,southAmerica
191403,-0.14,southAmerica
191404,-0.43,southAmerica
191405,-0.13,southAmerica
191406,0.46,southAmerica
191407,0.75,southAmerica
191408,-0.53,southAmerica
191409,-0.33,southAmerica
191410,-0.2,southAmerica
191411,-0.33,southAmerica
191412,-0.09,southAmerica
191501,-0.03,southAmerica
191502,0.17,southAmerica
191503,-0.12,southAmerica
191504,0.5,southAmerica
191505,0.71,southAmerica
191506,-0.88,southAmerica
191507,0.27,southAmerica
191508,0.52,southAmerica
191509,-0.53,southAmerica
191510,-0.1,southAmerica
191511,-0.56,southAmerica
191512,-0.51,southAmerica
191601,-0.48,southAmerica
191602,-0.56,southAmerica
191603,-0.71,southAmerica
191604,0.01,southAmerica
191605,-0.16,southAmerica
191606,-1.48,southAmerica
191607,-0.83,southAmerica
191608,-0.63,southAmerica
191609,0.27,southAmerica
191610,-0.19,southAmerica
191611,-0.31,southAmerica
191612,-1.15,southAmerica
191701,-0.95,southAmerica
191702,-0.88,southAmerica
191703,-1.11,southAmerica
191704,-0.83,southAmerica
191705,-1.64,southAmerica
191706,-1.12,southAmerica
191707,-0.83,southAmerica
191708,-0.86,southAmerica
191709,-0.65,southAmerica
191710,-0.92,southAmerica
191711,-1.16,southAmerica
191712,-0.8,southAmerica
191801,-1.12,southAmerica
191802,-1.08,southAmerica
191803,-0.88,southAmerica
191804,-0.67,southAmerica
191805,-0.83,southAmerica
191806,-0.76,southAmerica
191807,-0.63,southAmerica
191808,-1.03,southAmerica
191809,-0.66,southAmerica
191810,-0.78,southAmerica
191811,-0.6,southAmerica
191812,-0.32,southAmerica
191901,-0.13,southAmerica
191902,-0.22,southAmerica
191903,-0.19,southAmerica
191904,0.15,southAmerica
191905,0.33,southAmerica
191906,-0.13,southAmerica
191907,-0.41,southAmerica
191908,-1.01,southAmerica
191909,-0.72,southAmerica
191910,-0.5,southAmerica
191911,-0.7,southAmerica
191912,-0.45,southAmerica
192001,-0.16,southAmerica
192002,-0.47,southAmerica
192003,-0.47,southAmerica
192004,-0.41,southAmerica
192005,-0.46,southAmerica
192006,-1.05,southAmerica
192007,-0.92,southAmerica
192008,-0.92,southAmerica
192009,-0.44,southAmerica
192010,-0.28,southAmerica
192011,-0.28,southAmerica
192012,-0.65,southAmerica
192101,-0.43,southAmerica
192102,-0.64,southAmerica
192103,-0.73,southAmerica
192104,-0.55,southAmerica
192105,-0.01,southAmerica
192106,-1.18,southAmerica
192107,-1.09,southAmerica
192108,-0.45,southAmerica
192109,-0.71,southAmerica
192110,-0.88,southAmerica
192111,-0.63,southAmerica
192112,-0.4,southAmerica
192201,-0.62,southAmerica
192202,-0.48,southAmerica
192203,-0.55,southAmerica
192204,-0.57,southAmerica
192205,-0.69,southAmerica
192206,-0.73,southAmerica
192207,-0.04,southAmerica
192208,-0.6,southAmerica
192209,-0.49,southAmerica
192210,-1.03,southAmerica
192211,-0.8,southAmerica
192212,-0.67,southAmerica
192301,-0.76,southAmerica
192302,-0.35,southAmerica
192303,-0.31,southAmerica
192304,-0.59,southAmerica
192305,-1.18,southAmerica
192306,-0.3,southAmerica
192307,-1.06,southAmerica
192308,-0.84,southAmerica
192309,-0.56,southAmerica
192310,-0.93,southAmerica
192311,-0.58,southAmerica
192312,-0.62,southAmerica
192401,-0.38,southAmerica
192402,-0.28,southAmerica
192403,-0.37,southAmerica
192404,-0.39,southAmerica
192405,-0.91,southAmerica
192406,-0.58,southAmerica
192407,-0.87,southAmerica
192408,-1.21,southAmerica
192409,-1.16,southAmerica
192410,-0.99,southAmerica
192411,-0.84,southAmerica
192412,-0.53,southAmerica
192501,-0.73,southAmerica
192502,-0.58,southAmerica
192503,-0.52,southAmerica
192504,-0.31,southAmerica
192505,-0.59,southAmerica
192506,-0.84,southAmerica
192507,-0.96,southAmerica
192508,-0.06,southAmerica
192509,-0.68,southAmerica
192510,-0.77,southAmerica
192511,-0.12,southAmerica
192512,0.0,southAmerica
192601,0.02,southAmerica
192602,0.04,southAmerica
192603,0.28,southAmerica
192604,-0.17,southAmerica
192605,-0.61,southAmerica
192606,-0.01,southAmerica
192607,-0.79,southAmerica
192608,-0.23,southAmerica
192609,0.02,southAmerica
192610,-0.28,southAmerica
192611,-0.02,southAmerica
192612,-0.66,southAmerica
192701,-0.06,southAmerica
192702,-0.21,southAmerica
192703,-0.09,southAmerica
192704,-0.31,southAmerica
192705,-0.8,southAmerica
192706,-0.88,southAmerica
192707,-0.73,southAmerica
192708,-0.34,southAmerica
192709,-0.71,southAmerica
192710,-0.41,southAmerica
192711,0.14,southAmerica
192712,-0.39,southAmerica
192801,-0.51,southAmerica
192802,-0.46,southAmerica
192803,-0.57,southAmerica
192804,0.02,southAmerica
192805,-0.34,southAmerica
192806,-0.57,southAmerica
192807,-0.42,southAmerica
192808,-1.08,southAmerica
192809,-0.69,southAmerica
192810,-0.63,southAmerica
192811,-0.04,southAmerica
192812,-0.57,southAmerica
192901,-0.19,southAmerica
192902,-0.37,southAmerica
192903,-0.57,southAmerica
192904,-0.14,southAmerica
192905,-0.77,southAmerica
192906,-0.78,southAmerica
192907,-0.5,southAmerica
192908,-0.74,southAmerica
192909,-0.23,southAmerica
192910,-0.35,southAmerica
192911,-0.16,southAmerica
192912,-0.39,southAmerica
193001,-0.26,southAmerica
193002,-0.31,southAmerica
193003,-0.19,southAmerica
193004,-0.28,southAmerica
193005,-0.22,southAmerica
193006,0.54,southAmerica
193007,-0.29,southAmerica
193008,-0.51,southAmerica
193009,-0.12,southAmerica
193010,-0.5,southAmerica
193011,-0.53,southAmerica
193012,0.06,southAmerica
193101,0.12,southAmerica
193102,0.22,southAmerica
193103,0.11,southAmerica
193104,-0.03,southAmerica
193105,-1.12,southAmerica
193106,-0.72,southAmerica
193107,-0.26,southAmerica
193108,-0.5,southAmerica
193109,-0.67,southAmerica
193110,0.13,southAmerica
193111,-0.56,southAmerica
193112,-0.02,southAmerica
193201,-0.29,southAmerica
193202,-0.28,southAmerica
193203,-0.34,southAmerica
193204,0.15,southAmerica
193205,-0.58,southAmerica
193206,-0.12,southAmerica
193207,0.33,southAmerica
193208,-0.5,southAmerica
193209,0.01,southAmerica
193210,-0.05,southAmerica
193211,0.11,southAmerica
193212,-0.04,southAmerica
193301,-0.18,southAmerica
193302,-0.42,southAmerica
193303,-0.43,southAmerica
193304,-0.11,southAmerica
193305,-0.1,southAmerica
193306,-0.9,southAmerica
193307,-0.99,southAmerica
193308,-0.1,southAmerica
193309,-0.26,southAmerica
193310,-0.2,southAmerica
193311,-0.5,southAmerica
193312,-0.33,southAmerica
193401,-0.45,southAmerica
193402,-0.98,southAmerica
193403,-0.44,southAmerica
193404,-0.82,southAmerica
193405,-0.37,southAmerica
193406,0.05,southAmerica
193407,-0.26,southAmerica
193408,-0.05,southAmerica
193409,-0.22,southAmerica
193410,-0.63,southAmerica
193411,-0.46,southAmerica
193412,-0.26,southAmerica
193501,-0.22,southAmerica
193502,-0.11,southAmerica
193503,0.16,southAmerica
193504,-0.57,southAmerica
193505,-0.13,southAmerica
193506,0.06,southAmerica
193507,-0.17,southAmerica
193508,-0.39,southAmerica
193509,-0.68,southAmerica
193510,-0.59,southAmerica
193511,-0.03,southAmerica
193512,0.1,southAmerica
193601,-0.2,southAmerica
193602,-0.35,southAmerica
193603,-0.03,southAmerica
193604,0.16,southAmerica
193605,0.34,southAmerica
193606,0.09,southAmerica
193607,-0.15,southAmerica
193608,-0.77,southAmerica
193609,0.01,southAmerica
193610,0.12,southAmerica
193611,-0.06,southAmerica
193612,0.14,southAmerica
193701,-0.28,southAmerica
193702,0.25,southAmerica
193703,-0.01,southAmerica
193704,-0.29,southAmerica
193705,-0.68,southAmerica
193706,0.24,southAmerica
193707,0.01,southAmerica
193708,0.27,southAmerica
193709,-0.09,southAmerica
193710,-0.46,southAmerica
193711,0.05,southAmerica
193712,-0.07,southAmerica
193801,-0.3,southAmerica
193802,-0.05,southAmerica
193803,-0.35,southAmerica
193804,-0.45,southAmerica
193805,-0.01,southAmerica
193806,-0.16,southAmerica
193807,-0.01,southAmerica
193808,-0.49,southAmerica
193809,0.03,southAmerica
193810,-0.24,southAmerica
193811,0.01,southAmerica
193812,-0.2,southAmerica
193901,-0.09,southAmerica
193902,-0.38,southAmerica
193903,-0.51,southAmerica
193904,-0.62,southAmerica
193905,0.28,southAmerica
193906,0.58,southAmerica
193907,0.01,southAmerica
193908,0.39,southAmerica
193909,-0.35,southAmerica
193910,-0.11,southAmerica
193911,-0.28,southAmerica
193912,0.01,southAmerica
194001,-0.15,southAmerica
194002,-0.1,southAmerica
194003,-0.09,southAmerica
194004,0.26,southAmerica
194005,0.49,southAmerica
194006,0.43,southAmerica
194007,0.71,southAmerica
194008,-0.1,southAmerica
194009,0.0,southAmerica
194010,-0.42,southAmerica
194011,-0.12,southAmerica
194012,0.5,southAmerica
194101,0.36,southAmerica
194102,0.21,southAmerica
194103,0.09,southAmerica
194104,0.36,southAmerica
194105,0.31,southAmerica
194106,-0.01,southAmerica
194107,0.34,southAmerica
194108,0.57,southAmerica
194109,-0.7,southAmerica
194110,0.59,southAmerica
194111,0.14,southAmerica
194112,0.42,southAmerica
194201,0.46,southAmerica
194202,0.44,southAmerica
194203,-0.12,southAmerica
194204,0.19,southAmerica
194205,-0.26,southAmerica
194206,-0.94,southAmerica
194207,-0.94,southAmerica
194208,0.13,southAmerica
194209,0.06,southAmerica
194210,-0.18,southAmerica
194211,0.29,southAmerica
194212,-0.06,southAmerica
194301,-0.03,southAmerica
194302,0.01,southAmerica
194303,-0.42,southAmerica
194304,-0.56,southAmerica
194305,0.04,southAmerica
194306,-0.15,southAmerica
194307,0.03,southAmerica
194308,-0.97,southAmerica
194309,-0.37,southAmerica
194310,0.23,southAmerica
194311,-0.08,southAmerica
194312,-0.08,southAmerica
194401,-0.16,southAmerica
194402,0.06,southAmerica
194403,-0.33,southAmerica
194404,-0.41,southAmerica
194405,-0.09,southAmerica
194406,0.37,southAmerica
194407,0.19,southAmerica
194408,0.57,southAmerica
194409,0.69,southAmerica
194410,0.57,southAmerica
194411,0.03,southAmerica
194412,0.38,southAmerica
194501,0.11,southAmerica
194502,-0.1,southAmerica
194503,0.11,southAmerica
194504,0.4,southAmerica
194505,-0.39,southAmerica
194506,-0.4,southAmerica
194507,-0.08,southAmerica
194508,0.87,southAmerica
194509,0.21,southAmerica
194510,0.18,southAmerica
194511,0.01,southAmerica
194512,-0.25,southAmerica
194601,-0.07,southAmerica
194602,0.35,southAmerica
194603,-0.22,southAmerica
194604,-0.04,southAmerica
194605,0.01,southAmerica
194606,-0.29,southAmerica
194607,-0.19,southAmerica
194608,0.01,southAmerica
194609,0.21,southAmerica
194610,-0.22,southAmerica
194611,0.38,southAmerica
194612,-0.02,southAmerica
194701,0.23,southAmerica
194702,0.19,southAmerica
194703,-0.08,southAmerica
194704,0.11,southAmerica
194705,-0.11,southAmerica
194706,0.58,southAmerica
194707,-0.61,southAmerica
194708,-0.39,southAmerica
194709,-0.11,southAmerica
194710,-0.24,southAmerica
194711,-0.22,southAmerica
194712,-0.3,southAmerica
194801,0.16,southAmerica
194802,0.05,southAmerica
194803,-0.38,southAmerica
194804,-0.02,southAmerica
194805,0.08,southAmerica
194806,0.32,southAmerica
194807,0.11,southAmerica
194808,-0.46,southAmerica
194809,0.24,southAmerica
194810,0.07,southAmerica
194811,-0.01,southAmerica
194812,0.06,southAmerica
194901,-0.17,southAmerica
194902,-0.31,southAmerica
194903,0.01,southAmerica
194904,0.02,southAmerica
194905,-0.19,southAmerica
194906,0.22,southAmerica
194907,-0.3,southAmerica
194908,-0.19,southAmerica
194909,-0.21,southAmerica
194910,-0.6,southAmerica
194911,-0.06,southAmerica
194912,-0.3,southAmerica
195001,-0.44,southAmerica
195002,-0.17,southAmerica
195003,-0.38,southAmerica
195004,-0.09,southAmerica
195005,0.12,southAmerica
195006,0.01,southAmerica
195007,-0.1,southAmerica
195008,-0.05,southAmerica
195009,-0.12,southAmerica
195010,-0.49,southAmerica
195011,-0.17,southAmerica
195012,-0.27,southAmerica
195101,-0.38,southAmerica
195102,-0.68,southAmerica
195103,-0.08,southAmerica
195104,-0.78,southAmerica
195105,0.13,southAmerica
195106,0.11,southAmerica
195107,0.34,southAmerica
195108,0.09,southAmerica
195109,0.2,southAmerica
195110,0.29,southAmerica
195111,0.2,southAmerica
195112,-0.02,southAmerica
195201,0.34,southAmerica
195202,0.31,southAmerica
195203,0.48,southAmerica
195204,-0.18,southAmerica
195205,0.18,southAmerica
195206,-0.92,southAmerica
195207,0.23,southAmerica
195208,0.21,southAmerica
195209,-0.15,southAmerica
195210,0.03,southAmerica
195211,-0.14,southAmerica
195212,0.17,southAmerica
195301,0.23,southAmerica
195302,0.33,southAmerica
195303,0.22,southAmerica
195304,-0.03,southAmerica
195305,0.17,southAmerica
195306,0.11,southAmerica
195307,-0.72,southAmerica
195308,0.9,southAmerica
195309,0.87,southAmerica
195310,-0.05,southAmerica
195311,0.36,southAmerica
195312,0.16,southAmerica
195401,0.16,southAmerica
195402,0.03,southAmerica
195403,0.09,southAmerica
195404,-0.13,southAmerica
195405,-0.62,southAmerica
195406,-0.2,southAmerica
195407,-0.45,southAmerica
195408,-0.11,southAmerica
195409,0.04,southAmerica
195410,-0.06,southAmerica
195411,0.3,southAmerica
195412,0.03,southAmerica
195501,0.14,southAmerica
195502,-0.03,southAmerica
195503,-0.49,southAmerica
195504,-0.3,southAmerica
195505,-0.42,southAmerica
195506,0.06,southAmerica
195507,-0.99,southAmerica
195508,-0.23,southAmerica
195509,-0.01,southAmerica
195510,-0.44,southAmerica
195511,0.04,southAmerica
195512,-0.22,southAmerica
195601,-0.59,southAmerica
195602,-0.46,southAmerica
195603,-0.19,southAmerica
195604,-0.73,southAmerica
195605,-1.0,southAmerica
195606,-0.78,southAmerica
195607,-0.21,southAmerica
195608,-0.68,southAmerica
195609,0.02,southAmerica
195610,-0.25,southAmerica
195611,-0.61,southAmerica
195612,-0.17,southAmerica
195701,-0.39,southAmerica
195702,-0.21,southAmerica
195703,0.28,southAmerica
195704,-0.44,southAmerica
195705,0.56,southAmerica
195706,-0.11,southAmerica
195707,-0.48,southAmerica
195708,0.16,southAmerica
195709,-0.03,southAmerica
195710,0.36,southAmerica
195711,0.02,southAmerica
195712,0.4,southAmerica
195801,0.49,southAmerica
195802,0.55,southAmerica
195803,0.39,southAmerica
195804,0.32,southAmerica
195805,0.13,southAmerica
195806,0.69,southAmerica
195807,1.2,southAmerica
195808,-0.4,southAmerica
195809,0.31,southAmerica
195810,0.35,southAmerica
195811,0.2,southAmerica
195812,0.2,southAmerica
195901,0.08,southAmerica
195902,0.39,southAmerica
195903,-0.04,southAmerica
195904,0.07,southAmerica
195905,0.09,southAmerica
195906,0.11,southAmerica
195907,0.59,southAmerica
195908,-0.1,southAmerica
195909,0.27,southAmerica
195910,0.34,southAmerica
195911,-0.09,southAmerica
195912,0.34,southAmerica
196001,0.31,southAmerica
196002,0.2,southAmerica
196003,0.05,southAmerica
196004,-0.18,southAmerica
196005,-0.61,southAmerica
196006,0.04,southAmerica
196007,-0.22,southAmerica
196008,-0.01,southAmerica
196009,0.12,southAmerica
196010,0.13,southAmerica
196011,0.18,southAmerica
196012,0.3,southAmerica
196101,0.3,southAmerica
196102,0.0,southAmerica
196103,0.2,southAmerica
196104,0.19,southAmerica
196105,0.54,southAmerica
196106,-0.27,southAmerica
196107,0.1,southAmerica
196108,0.87,southAmerica
196109,0.54,southAmerica
196110,0.44,southAmerica
196111,0.31,southAmerica
196112,-0.05,southAmerica
196201,-0.11,southAmerica
196202,0.09,southAmerica
196203,0.28,southAmerica
196204,-0.07,southAmerica
196205,-0.26,southAmerica
196206,-0.45,southAmerica
196207,-0.78,southAmerica
196208,0.09,southAmerica
196209,0.53,southAmerica
196210,-0.15,southAmerica
196211,0.5,southAmerica
196212,0.21,southAmerica
196301,0.21,southAmerica
196302,-0.01,southAmerica
196303,0.03,southAmerica
196304,0.3,southAmerica
196305,-0.05,southAmerica
196306,-0.06,southAmerica
196307,0.52,southAmerica
196308,0.58,southAmerica
196309,0.43,southAmerica
196310,0.78,southAmerica
196311,0.06,southAmerica
196312,0.26,southAmerica
196401,0.34,southAmerica
196402,0.41,southAmerica
196403,-0.03,southAmerica
196404,0.22,southAmerica
196405,0.13,southAmerica
196406,-0.66,southAmerica
196407,-0.48,southAmerica
196408,0.01,southAmerica
196409,-0.05,southAmerica
196410,-0.5,southAmerica
196411,-0.41,southAmerica
196412,-0.5,southAmerica
196501,-0.19,southAmerica
196502,0.17,southAmerica
196503,-0.3,southAmerica
196504,-0.1,southAmerica
196505,-0.01,southAmerica
196506,0.96,southAmerica
196507,0.03,southAmerica
196508,0.39,southAmerica
196509,0.19,southAmerica
196510,0.42,southAmerica
196511,0.22,southAmerica
196512,0.06,southAmerica
196601,0.58,southAmerica
196602,0.03,southAmerica
196603,0.12,southAmerica
196604,0.16,southAmerica
196605,0.24,southAmerica
196606,0.44,southAmerica
196607,0.24,southAmerica
196608,-0.31,southAmerica
196609,-0.28,southAmerica
196610,0.06,southAmerica
196611,0.2,southAmerica
196612,-0.16,southAmerica
196701,0.02,southAmerica
196702,0.05,southAmerica
196703,-0.18,southAmerica
196704,0.17,southAmerica
196705,0.9,southAmerica
196706,-0.78,southAmerica
196707,-0.01,southAmerica
196708,0.27,southAmerica
196709,0.32,southAmerica
196710,0.29,southAmerica
196711,-0.07,southAmerica
196712,0.18,southAmerica
196801,0.01,southAmerica
196802,-0.17,southAmerica
196803,-0.26,southAmerica
196804,-0.8,southAmerica
196805,-0.8,southAmerica
196806,-0.07,southAmerica
196807,0.37,southAmerica
196808,0.26,southAmerica
196809,-0.27,southAmerica
196810,0.17,southAmerica
196811,0.6,southAmerica
196812,0.04,southAmerica
196901,0.32,southAmerica
196902,0.58,southAmerica
196903,0.61,southAmerica
196904,0.58,southAmerica
196905,0.9,southAmerica
196906,0.49,southAmerica
196907,0.57,southAmerica
196908,0.06,southAmerica
196909,0.79,southAmerica
196910,0.04,southAmerica
196911,0.5,southAmerica
196912,0.36,southAmerica
197001,0.37,southAmerica
197002,0.41,southAmerica
197003,0.28,southAmerica
197004,0.76,southAmerica
197005,0.37,southAmerica
197006,0.33,southAmerica
197007,0.08,southAmerica
197008,0.04,southAmerica
197009,0.32,southAmerica
197010,0.19,southAmerica
197011,-0.14,southAmerica
197012,0.22,southAmerica
197101,-0.22,southAmerica
197102,-0.45,southAmerica
197103,-0.12,southAmerica
197104,-0.5,southAmerica
197105,-0.49,southAmerica
197106,-0.65,southAmerica
197107,0.46,southAmerica
197108,-0.05,southAmerica
197109,0.31,southAmerica
197110,-0.51,southAmerica
197111,-0.14,southAmerica
197112,0.07,southAmerica
197201,0.04,southAmerica
197202,-0.06,southAmerica
197203,-0.1,southAmerica
197204,-0.3,southAmerica
197205,0.57,southAmerica
197206,0.87,southAmerica
197207,0.33,southAmerica
197208,0.0,southAmerica
197209,0.33,southAmerica
197210,0.15,southAmerica
197211,0.37,southAmerica
197212,0.46,southAmerica
197301,0.71,southAmerica
197302,0.72,southAmerica
197303,0.71,southAmerica
197304,0.63,southAmerica
197305,0.12,southAmerica
197306,0.74,southAmerica
197307,-0.15,southAmerica
197308,-0.19,southAmerica
197309,-0.13,southAmerica
197310,0.15,southAmerica
197311,-0.14,southAmerica
197312,-0.21,southAmerica
197401,-0.14,southAmerica
197402,-0.35,southAmerica
197403,-0.17,southAmerica
197404,-0.13,southAmerica
197405,0.11,southAmerica
197406,-0.12,southAmerica
197407,0.04,southAmerica
197408,-0.09,southAmerica
197409,-0.36,southAmerica
197410,-0.21,southAmerica
197411,-0.06,southAmerica
197412,-0.38,southAmerica
197501,-0.09,southAmerica
197502,0.04,southAmerica
197503,0.1,southAmerica
197504,0.11,southAmerica
197505,-0.11,southAmerica
197506,0.44,southAmerica
197507,-0.61,southAmerica
197508,-0.07,southAmerica
197509,-0.01,southAmerica
197510,0.06,southAmerica
197511,-0.25,southAmerica
197512,-0.03,southAmerica
197601,-0.16,southAmerica
197602,-0.25,southAmerica
197603,-0.57,southAmerica
197604,-0.33,southAmerica
197605,-0.04,southAmerica
197606,-0.17,southAmerica
197607,0.22,southAmerica
197608,0.17,southAmerica
197609,-0.21,southAmerica
197610,0.0,southAmerica
197611,0.1,southAmerica
197612,0.23,southAmerica
197701,0.3,southAmerica
197702,0.21,southAmerica
197703,0.44,southAmerica
197704,0.29,southAmerica
197705,-0.19,southAmerica
197706,0.47,southAmerica
197707,0.93,southAmerica
197708,0.38,southAmerica
197709,0.46,southAmerica
197710,0.5,southAmerica
197711,0.33,southAmerica
197712,0.3,southAmerica
197801,0.26,southAmerica
197802,0.49,southAmerica
197803,0.38,southAmerica
197804,0.14,southAmerica
197805,0.1,southAmerica
197806,0.04,southAmerica
197807,1.04,southAmerica
197808,-0.48,southAmerica
197809,0.19,southAmerica
197810,0.44,southAmerica
197811,0.31,southAmerica
197812,0.17,southAmerica
197901,0.3,southAmerica
197902,0.41,southAmerica
197903,0.05,southAmerica
197904,-0.12,southAmerica
197905,0.2,southAmerica
197906,-0.16,southAmerica
197907,0.49,southAmerica
197908,1.05,southAmerica
197909,-0.17,southAmerica
197910,0.54,southAmerica
197911,0.07,southAmerica
197912,0.29,southAmerica
198001,0.38,southAmerica
198002,0.42,southAmerica
198003,0.8,southAmerica
198004,0.57,southAmerica
198005,0.82,southAmerica
198006,0.33,southAmerica
198007,0.36,southAmerica
198008,0.6,southAmerica
198009,-0.01,southAmerica
198010,0.33,southAmerica
198011,-0.06,southAmerica
198012,0.29,southAmerica
198101,0.18,southAmerica
198102,0.33,southAmerica
198103,0.48,southAmerica
198104,0.31,southAmerica
198105,0.92,southAmerica
198106,-0.04,southAmerica
198107,-0.14,southAmerica
198108,0.56,southAmerica
198109,-0.15,southAmerica
198110,0.19,southAmerica
198111,0.33,southAmerica
198112,0.33,southAmerica
198201,0.16,southAmerica
198202,0.03,southAmerica
198203,0.27,southAmerica
198204,0.28,southAmerica
198205,0.35,southAmerica
198206,0.49,southAmerica
198207,0.67,southAmerica
198208,0.69,southAmerica
198209,0.47,southAmerica
198210,0.34,southAmerica
198211,0.41,southAmerica
198212,0.46,southAmerica
198301,0.94,southAmerica
198302,0.84,southAmerica
198303,0.84,southAmerica
198304,0.85,southAmerica
198305,1.0,southAmerica
198306,0.05,southAmerica
198307,0.6,southAmerica
198308,0.31,southAmerica
198309,0.13,southAmerica
198310,0.4,southAmerica
198311,0.38,southAmerica
198312,0.56,southAmerica
198401,0.24,southAmerica
198402,0.36,southAmerica
198403,0.37,southAmerica
198404,-0.04,southAmerica
198405,0.54,southAmerica
198406,-0.19,southAmerica
198407,0.36,southAmerica
198408,-0.27,southAmerica
198409,-0.02,southAmerica
198410,0.61,southAmerica
198411,0.08,southAmerica
198412,-0.08,southAmerica
198501,0.1,southAmerica
198502,0.11,southAmerica
198503,0.48,southAmerica
198504,0.2,southAmerica
198505,0.52,southAmerica
198506,0.13,southAmerica
198507,0.12,southAmerica
198508,0.07,southAmerica
198509,0.1,southAmerica
198510,0.4,southAmerica
198511,0.4,southAmerica
198512,0.3,southAmerica
198601,0.43,southAmerica
198602,0.19,southAmerica
198603,0.02,southAmerica
198604,0.67,southAmerica
198605,0.65,southAmerica
198606,0.53,southAmerica
198607,0.4,southAmerica
198608,0.61,southAmerica
198609,0.01,southAmerica
198610,0.15,southAmerica
198611,0.27,southAmerica
198612,0.61,southAmerica
198701,0.61,southAmerica
198702,0.66,southAmerica
198703,0.69,southAmerica
198704,0.88,southAmerica
198705,0.09,southAmerica
198706,0.74,southAmerica
198707,1.58,southAmerica
198708,0.41,southAmerica
198709,0.5,southAmerica
198710,0.98,southAmerica
198711,0.92,southAmerica
198712,0.54,southAmerica
198801,0.73,southAmerica
198802,0.61,southAmerica
198803,1.03,southAmerica
198804,0.5,southAmerica
198805,0.06,southAmerica
198806,-0.04,southAmerica
198807,-0.35,southAmerica
198808,0.57,southAmerica
198809,0.46,southAmerica
198810,0.36,southAmerica
198811,0.43,southAmerica
198812,0.41,southAmerica
198901,0.22,southAmerica
198902,0.5,southAmerica
198903,0.08,southAmerica
198904,0.42,southAmerica
198905,-0.13,southAmerica
198906,0.62,southAmerica
198907,-0.05,southAmerica
198908,0.62,southAmerica
198909,0.03,southAmerica
198910,0.22,southAmerica
198911,0.52,southAmerica
198912,0.42,southAmerica
199001,0.59,southAmerica
199002,0.36,southAmerica
199003,0.57,southAmerica
199004,0.78,southAmerica
199005,0.3,southAmerica
199006,0.27,southAmerica
199007,-0.06,southAmerica
199008,0.82,southAmerica
199009,-0.06,southAmerica
199010,0.81,southAmerica
199011,0.79,southAmerica
199012,0.49,southAmerica
199101,0.34,southAmerica
199102,0.58,southAmerica
199103,0.66,southAmerica
199104,0.56,southAmerica
199105,0.83,southAmerica
199106,0.64,southAmerica
199107,0.27,southAmerica
199108,0.25,southAmerica
199109,0.53,southAmerica
199110,0.15,southAmerica
199111,0.33,southAmerica
199112,0.53,southAmerica
199201,0.56,southAmerica
199202,0.29,southAmerica
199203,0.87,southAmerica
199204,0.72,southAmerica
199205,0.82,southAmerica
199206,1.12,southAmerica
199207,-0.41,southAmerica
199208,0.09,southAmerica
199209,-0.07,southAmerica
199210,0.31,southAmerica
199211,-0.12,southAmerica
199212,0.13,southAmerica
199301,0.35,southAmerica
199302,0.14,southAmerica
199303,0.71,southAmerica
199304,0.63,southAmerica
199305,0.4,southAmerica
199306,0.66,southAmerica
199307,0.28,southAmerica
199308,0.35,southAmerica
199309,0.34,southAmerica
199310,0.73,southAmerica
199311,0.48,southAmerica
199312,0.56,southAmerica
199401,0.5,southAmerica
199402,0.3,southAmerica
199403,0.43,southAmerica
199404,0.49,southAmerica
199405,1.08,southAmerica
199406,0.82,southAmerica
199407,0.36,southAmerica
199408,0.48,southAmerica
199409,0.91,southAmerica
199410,0.66,southAmerica
199411,0.64,southAmerica
199412,1.02,southAmerica
199501,0.62,southAmerica
199502,0.38,southAmerica
199503,0.66,southAmerica
199504,0.5,southAmerica
199505,0.53,southAmerica
199506,0.7,southAmerica
199507,0.98,southAmerica
199508,0.7,southAmerica
199509,0.86,southAmerica
199510,0.77,southAmerica
199511,0.62,southAmerica
199512,0.79,southAmerica
199601,0.38,southAmerica
199602,0.46,southAmerica
199603,0.67,southAmerica
199604,0.51,southAmerica
199605,0.74,southAmerica
199606,-0.23,southAmerica
199607,0.24,southAmerica
199608,1.06,southAmerica
199609,0.4,southAmerica
199610,0.64,southAmerica
199611,0.4,southAmerica
199612,0.56,southAmerica
199701,0.48,southAmerica
199702,0.13,southAmerica
199703,0.32,southAmerica
199704,0.6,southAmerica
199705,0.59,southAmerica
199706,0.87,southAmerica
199707,1.29,southAmerica
199708,0.81,southAmerica
199709,1.49,southAmerica
199710,1.19,southAmerica
199711,1.07,southAmerica
199712,1.01,southAmerica
199801,1.27,southAmerica
199802,1.18,southAmerica
199803,1.13,southAmerica
199804,1.33,southAmerica
199805,0.9,southAmerica
199806,0.91,southAmerica
199807,1.67,southAmerica
199808,1.19,southAmerica
199809,0.53,southAmerica
199810,0.99,southAmerica
199811,0.49,southAmerica
199812,0.76,southAmerica
199901,0.33,southAmerica
199902,0.67,southAmerica
199903,0.59,southAmerica
199904,-0.01,southAmerica
199905,0.21,southAmerica
199906,0.44,southAmerica
199907,0.42,southAmerica
199908,0.48,southAmerica
199909,1.05,southAmerica
199910,0.4,southAmerica
199911,0.16,southAmerica
199912,0.48,southAmerica
200001,0.51,southAmerica
200002,0.24,southAmerica
200003,0.13,southAmerica
200004,0.59,southAmerica
200005,0.35,southAmerica
200006,0.7,southAmerica
200007,-0.23,southAmerica
200008,0.69,southAmerica
200009,0.18,southAmerica
200010,0.86,southAmerica
200011,0.18,southAmerica
200012,0.36,southAmerica
200101,0.35,southAmerica
200102,0.88,southAmerica
200103,0.79,southAmerica
200104,0.72,southAmerica
200105,0.34,southAmerica
200106,0.3,southAmerica
200107,0.8,southAmerica
200108,1.23,southAmerica
200109,0.6,southAmerica
200110,0.86,southAmerica
200111,0.64,southAmerica
200112,0.72,southAmerica
200201,0.59,southAmerica
200202,0.54,southAmerica
200203,1.04,southAmerica
200204,0.83,southAmerica
200205,1.13,southAmerica
200206,0.37,southAmerica
200207,0.78,southAmerica
200208,1.28,southAmerica
200209,0.78,southAmerica
200210,1.45,southAmerica
200211,0.88,southAmerica
200212,0.92,southAmerica
200301,1.01,southAmerica
200302,0.82,southAmerica
200303,0.89,southAmerica
200304,0.63,southAmerica
200305,0.67,southAmerica
200306,1.31,southAmerica
200307,0.74,southAmerica
200308,0.44,southAmerica
200309,0.69,southAmerica
200310,1.04,southAmerica
200311,0.86,southAmerica
200312,0.77,southAmerica
200401,0.99,southAmerica
200402,0.54,southAmerica
200403,0.97,southAmerica
200404,1.17,southAmerica
200405,-0.21,southAmerica
200406,0.72,southAmerica
200407,0.57,southAmerica
200408,0.68,southAmerica
200409,0.98,southAmerica
200410,0.95,southAmerica
200411,0.71,southAmerica
200412,0.96,southAmerica
200501,1.11,southAmerica
200502,1.02,southAmerica
200503,0.94,southAmerica
200504,0.75,southAmerica
200505,0.91,southAmerica
200506,1.33,southAmerica
200507,0.86,southAmerica
200508,1.15,southAmerica
200509,0.19,southAmerica
200510,0.83,southAmerica
200511,0.93,southAmerica
200512,0.48,southAmerica
200601,0.91,southAmerica
200602,1.0,southAmerica
200603,0.86,southAmerica
200604,0.69,southAmerica
200605,-0.03,southAmerica
200606,0.93,southAmerica
200607,1.36,southAmerica
200608,1.09,southAmerica
200609,0.68,southAmerica
200610,1.09,southAmerica
200611,0.54,southAmerica
200612,0.94,southAmerica
200701,0.99,southAmerica
200702,0.82,southAmerica
200703,0.81,southAmerica
200704,1.02,southAmerica
200705,-0.06,southAmerica
200706,0.62,southAmerica
200707,0.32,southAmerica
200708,-0.08,southAmerica
200709,1.02,southAmerica
200710,0.89,southAmerica
200711,0.53,southAmerica
200712,0.52,southAmerica
200801,0.52,southAmerica
200802,0.57,southAmerica
200803,0.45,southAmerica
200804,0.46,southAmerica
200805,0.1,southAmerica
200806,0.06,southAmerica
200807,1.35,southAmerica
200808,1.09,southAmerica
200809,0.53,southAmerica
200810,1.04,southAmerica
200811,1.15,southAmerica
200812,0.71,southAmerica
200901,0.59,southAmerica
200902,0.68,southAmerica
200903,1.02,southAmerica
200904,1.04,southAmerica
200905,0.89,southAmerica
200906,0.4,southAmerica
200907,0.87,southAmerica
200908,1.26,southAmerica
200909,0.86,southAmerica
200910,1.05,southAmerica
200911,1.43,southAmerica
200912,0.76,southAmerica
201001,1.04,southAmerica
201002,1.47,southAmerica
201003,1.59,southAmerica
201004,0.88,southAmerica
201005,0.7,southAmerica
201006,1.03,southAmerica
201007,0.68,southAmerica
201008,0.5,southAmerica
201009,0.98,southAmerica
201010,0.7,southAmerica
201011,0.53,southAmerica
201012,0.73,southAmerica
201101,0.67,southAmerica
201102,0.48,southAmerica
201103,0.36,southAmerica
201104,0.74,southAmerica
201105,0.43,southAmerica
201106,0.84,southAmerica
201107,0.86,southAmerica
201108,0.81,southAmerica
201109,1.12,southAmerica
201110,0.59,southAmerica
201111,0.74,southAmerica
201112,0.7,southAmerica
201201,0.67,southAmerica
201202,0.64,southAmerica
201203,0.72,southAmerica
201204,0.83,southAmerica
201205,0.9,southAmerica
201206,0.97,southAmerica
201207,0.53,southAmerica
201208,1.07,southAmerica
201209,1.4,southAmerica
201210,1.38,southAmerica
201211,1.02,southAmerica
201212,1.09,southAmerica
201301,0.96,southAmerica
201302,0.83,southAmerica
201303,0.7,southAmerica
201304,0.79,southAmerica
201305,0.99,southAmerica
201306,1.19,southAmerica
201307,0.81,southAmerica
201308,0.24,southAmerica
201309,0.6,southAmerica
201310,0.82,southAmerica
201311,0.65,southAmerica
201312,1.25,southAmerica
201401,0.89,southAmerica
201402,0.62,southAmerica
201403,0.64,southAmerica
201404,0.9,southAmerica
201405,0.9,southAmerica
201406,1.17,southAmerica
201407,0.94,southAmerica
201408,1.42,southAmerica
201409,1.59,southAmerica
201410,1.58,southAmerica
201411,1.08,southAmerica
201412,0.94,southAmerica
201501,1.09,southAmerica
201502,0.84,southAmerica
201503,1.12,southAmerica
201504,1.39,southAmerica
201505,1.18,southAmerica
201506,1.52,southAmerica
201507,1.65,southAmerica
201508,1.99,southAmerica
201509,1.86,southAmerica
201510,1.58,southAmerica
201511,1.3,southAmerica
201512,1.5,southAmerica
201601,1.57,southAmerica
201602,1.83,southAmerica
201603,1.41,southAmerica
201604,1.4,southAmerica
201605,0.73,southAmerica
201606,0.5,southAmerica
201607,1.33,southAmerica
201608,1.59,southAmerica
201609,0.93,southAmerica
201610,1.14,southAmerica
201611,1.06,southAmerica
201612,1.25,southAmerica
201701,1.02,southAmerica
201702,0.95,southAmerica
201703,0.94,southAmerica
201704,0.9,southAmerica
201705,1.39,southAmerica
201706,1.33,southAmerica
201707,1.29,southAmerica
201708,1.92,southAmerica
201709,1.49,southAmerica
201710,1.31,southAmerica
201711,0.98,southAmerica
201712,1.17,southAmerica
201801,0.83,southAmerica
201802,0.8,southAmerica
201803,0.94,southAmerica
201804,1.28,southAmerica
201805,1.0,southAmerica
201806,0.38,southAmerica
201807,0.88,southAmerica
201808,0.65,southAmerica
201809,1.52,southAmerica
201810,1.31,southAmerica
201811,1.14,southAmerica
201812,0.95,southAmerica
201901,1.13,southAmerica
201902,1.09,southAmerica
201903,0.97,southAmerica
201904,1.39,southAmerica
201905,1.25,southAmerica
201906,1.74,southAmerica
201907,1.01,southAmerica
201908,1.06,southAmerica
201909,1.61,southAmerica
201910,1.2,southAmerica
201911,1.47,southAmerica
201912,1.22,southAmerica
202001,1.37,southAmerica
202002,1.25,southAmerica
202003,1.74,southAmerica
202004,1.24,southAmerica
202005,0.91,southAmerica
202006,1.46,southAmerica
202007,1.24,southAmerica
202008,1.56,southAmerica
202009,1.69,southAmerica
202010,1.69,southAmerica
202011,1.37,southAmerica
202012,1.08,southAmerica
202101,0.86,southAmerica
202102,0.69,southAmerica
202103,0.82,southAmerica
202104,1.06,southAmerica
202105,0.7,southAmerica
202106,0.85,southAmerica
202107,0.95,southAmerica
202108,1.46,southAmerica
202109,1.94,southAmerica
202110,1.38,southAmerica
202111,0.92,southAmerica
202112,1.14,southAmerica
202201,1.32,southAmerica
202202,0.85,southAmerica
202203,0.63,southAmerica
202204,0.86,southAmerica
202205,0.31,southAmerica
202206,0.48,southAmerica
202207,1.66,southAmerica
202208,0.98,southAmerica
202209,0.85,southAmerica
202210,0.88,southAmerica
202211,0.65,southAmerica
202212,1.14,southAmerica
202301,0.96,southAmerica
202302,1.08,southAmerica
202303,1.49,southAmerica
202304,1.26,southAmerica
202305,1.44,southAmerica
202306,1.54,southAmerica
202307,2.17,southAmerica
202308,2.45,southAmerica
202309,2.33,southAmerica
202310,2.17,southAmerica
202311,2.14,southAmerica
202312,1.88,southAmerica
202401,1.74,southAmerica
202402,2.05,southAmerica
202403,2.06,southAmerica
202404,1.76,southAmerica
202405,0.89,southAmerica
202406,2.19,southAmerica
202407,1.21,southAmerica
202408,1.55,southAmerica
202409,2.39,southAmerica
202410,2.19,southAmerica
202411,1.6,southAmerica
202412,1.21,southAmerica
202501,1.3,southAmerica
202502,1.56,southAmerica
202503,1.37,southAmerica
202504,0.96,southAmerica
202505,1.33,southAmerica
202506,0.78,southAmerica
202507,1.09,southAmerica
202508,1.14,southAmerica
202509,1.55,southAmerica
202510,1.11,southAmerica
202511,1.08,southAmerica
202512,1.19,southAmerica
202601,1.09,southAmerica
185001,-0.21,oceania
185002,-0.55,oceania
185003,-0.04,oceania
185004,-0.6,oceania
185005,-0.03,oceania
185006,0.44,oceania
185007,0.2,oceania
185008,0.73,oceania
185009,-0.15,oceania
185010,-1.11,oceania
185011,0.09,oceania
185012,0.18,oceania
185101,0.59,oceania
185102,-0.45,oceania
185103,0.59,oceania
185104,-0.07,oceania
185105,-0.11,oceania
185106,-0.48,oceania
185107,-0.23,oceania
185108,1.89,oceania
185109,0.0,oceania
185110,0.22,oceania
185111,-0.55,oceania
185112,-0.14,oceania
185201,0.17,oceania
185202,-0.58,oceania
185203,0.09,oceania
185204,-0.49,oceania
185205,-0.69,oceania
185206,0.47,oceania
185207,0.73,oceania
185208,0.5,oceania
185209,1.11,oceania
185210,0.26,oceania
185211,1.11,oceania
185212,0.28,oceania
185301,-0.09,oceania
185302,0.43,oceania
185303,-0.1,oceania
185304,-0.4,oceania
185305,-0.24,oceania
185306,-0.57,oceania
185307,0.27,oceania
185308,0.2,oceania
185309,0.16,oceania
185310,-0.11,oceania
185311,0.75,oceania
185312,-0.54,oceania
185401,0.46,oceania
185402,-0.36,oceania
185403,-0.41,oceania
185404,0.2,oceania
185405,-0.54,oceania
185406,-0.77,oceania
185407,0.1,oceania
185408,0.66,oceania
185409,-0.07,oceania
185410,-0.12,oceania
185411,-0.75,oceania
185412,0.13,oceania
185501,-0.34,oceania
185502,-0.12,oceania
185503,0.56,oceania
185504,-0.26,oceania
185505,-0.34,oceania
185506,-0.15,oceania
185507,0.1,oceania
185508,-0.26,oceania
185509,0.61,oceania
185510,0.2,oceania
185511,0.14,oceania
185512,-0.66,oceania
185601,0.36,oceania
185602,-0.1,oceania
185603,0.83,oceania
185604,-0.2,oceania
185605,-0.63,oceania
185606,0.38,oceania
185607,-0.18,oceania
185608,0.39,oceania
185609,0.26,oceania
185610,-0.92,oceania
185611,-0.51,oceania
185612,-0.67,oceania
185701,0.18,oceania
185702,-0.17,oceania
185703,0.21,oceania
185704,0.93,oceania
185705,-0.85,oceania
185706,-0.13,oceania
185707,0.05,oceania
185708,0.34,oceania
185709,-0.21,oceania
185710,-0.22,oceania
185711,-0.44,oceania
185712,0.03,oceania
185801,-0.21,oceania
185802,-0.42,oceania
185803,-0.25,oceania
185804,-0.66,oceania
185805,-0.26,oceania
185806,-0.83,oceania
185807,-0.84,oceania
185808,-0.16,oceania
185809,-0.36,oceania
185810,-0.51,oceania
185811,0.18,oceania
185812,-0.27,oceania
185901,-0.69,oceania
185902,-0.26,oceania
185903,-0.89,oceania
185904,-1.53,oceania
185905,-0.6,oceania
185906,-0.42,oceania
185907,-0.7,oceania
185908,0.42,oceania
185909,-0.63,oceania
185910,0.44,oceania
185911,-0.6,oceania
185912,-0.02,oceania
186001,-0.3,oceania
186002,-0.68,oceania
186003,-0.67,oceania
186004,-0.31,oceania
186005,-0.88,oceania
186006,-0.61,oceania
186007,0.06,oceania
186008,0.1,oceania
186009,0.14,oceania
186010,-0.37,oceania
186011,-1.07,oceania
186012,-0.02,oceania
186101,-0.37,oceania
186102,-1.34,oceania
186103,0.14,oceania
186104,-0.6,oceania
186105,-0.82,oceania
186106,-0.4,oceania
186107,-0.83,oceania
186108,-0.19,oceania
186109,-0.69,oceania
186110,-0.29,oceania
186111,-0.42,oceania
186112,-0.26,oceania
186201,0.17,oceania
186202,0.05,oceania
186203,0.64,oceania
186204,-0.46,oceania
186205,-0.6,oceania
186206,-0.2,oceania
186207,-0.01,oceania
186208,-0.61,oceania
186209,0.11,oceania
186210,-0.14,oceania
186211,0.7,oceania
186212,0.7,oceania
186301,0.56,oceania
186302,0.03,oceania
186303,0.0,oceania
186304,-0.56,oceania
186305,-0.35,oceania
186306,0.0,oceania
186307,-0.47,oceania
186308,-0.7,oceania
186309,-0.79,oceania
186310,-0.69,oceania
186311,-0.99,oceania
186312,-0.98,oceania
186401,-0.12,oceania
186402,-0.52,oceania
186403,-0.27,oceania
186404,0.42,oceania
186405,-0.13,oceania
186406,-0.13,oceania
186407,0.22,oceania
186408,-0.15,oceania
186409,0.13,oceania
186410,-0.89,oceania
186411,-0.52,oceania
186412,0.4,oceania
186501,-0.06,oceania
186502,-0.39,oceania
186503,-0.01,oceania
186504,-0.55,oceania
186505,-1.35,oceania
186506,-0.22,oceania
186507,-0.29,oceania
186508,0.16,oceania
186509,0.27,oceania
186510,-0.72,oceania
186511,-0.02,oceania
186512,-0.11,oceania
186601,-0.12,oceania
186602,-0.18,oceania
186603,-0.11,oceania
186604,0.95,oceania
186605,0.85,oceania
186606,-0.14,oceania
186607,-0.32,oceania
186608,-0.97,oceania
186609,0.57,oceania
186610,0.41,oceania
186611,-1.1,oceania
186612,-0.98,oceania
186701,0.22,oceania
186702,-0.52,oceania
186703,-1.06,oceania
186704,-0.46,oceania
186705,0.99,oceania
186706,0.86,oceania
186707,0.59,oceania
186708,0.76,oceania
186709,0.3,oceania
186710,1.01,oceania
186711,-0.27,oceania
186712,-0.27,oceania
186801,0.05,oceania
186802,-0.17,oceania
186803,0.24,oceania
186804,0.01,oceania
186805,-0.35,oceania
186806,0.01,oceania
186807,-0.38,oceania
186808,0.18,oceania
186809,0.69,oceania
186810,1.5,oceania
186811,-0.64,oceania
186812,0.8,oceania
186901,-0.06,oceania
186902,0.22,oceania
186903,0.62,oceania
186904,0.03,oceania
186905,-0.49,oceania
186906,0.21,oceania
186907,0.03,oceania
186908,-0.16,oceania
186909,-0.47,oceania
186910,-0.22,oceania
186911,-0.01,oceania
186912,0.44,oceania
187001,0.55,oceania
187002,-0.46,oceania
187003,-0.32,oceania
187004,-0.48,oceania
187005,-0.44,oceania
187006,1.0,oceania
187007,0.1,oceania
187008,-0.31,oceania
187009,-0.04,oceania
187010,-0.05,oceania
187011,-0.51,oceania
187012,0.1,oceania
187101,0.26,oceania
187102,0.99,oceania
187103,-0.82,oceania
187104,0.21,oceania
187105,0.01,oceania
187106,0.47,oceania
187107,0.18,oceania
187108,-0.25,oceania
187109,0.42,oceania
187110,-0.65,oceania
187111,-0.03,oceania
187112,0.81,oceania
187201,0.91,oceania
187202,0.16,oceania
187203,0.59,oceania
187204,-1.04,oceania
187205,-0.82,oceania
187206,0.1,oceania
187207,-0.71,oceania
187208,-0.54,oceania
187209,-0.16,oceania
187210,-0.31,oceania
187211,-0.59,oceania
187212,0.34,oceania
187301,0.12,oceania
187302,0.14,oceania
187303,-0.49,oceania
187304,-0.5,oceania
187305,-0.6,oceania
187306,0.54,oceania
187307,-0.33,oceania
187308,0.94,oceania
187309,0.63,oceania
187310,0.6,oceania
187311,-1.33,oceania
187312,-0.13,oceania
187401,-0.34,oceania
187402,-0.88,oceania
187403,-0.79,oceania
187404,0.43,oceania
187405,-1.12,oceania
187406,-0.54,oceania
187407,-0.57,oceania
187408,-0.33,oceania
187409,0.13,oceania
187410,0.59,oceania
187411,-0.77,oceania
187412,-0.05,oceania
187501,0.68,oceania
187502,0.47,oceania
187503,-0.17,oceania
187504,0.41,oceania
187505,-0.75,oceania
187506,-0.45,oceania
187507,0.3,oceania
187508,-0.18,oceania
187509,-0.26,oceania
187510,-0.31,oceania
187511,-1.22,oceania
187512,-0.78,oceania
187601,-0.65,oceania
187602,-1.37,oceania
187603,1.04,oceania
187604,-0.1,oceania
187605,-0.15,oceania
187606,-1.25,oceania
187607,0.11,oceania
187608,-0.79,oceania
187609,-0.44,oceania
187610,-0.09,oceania
187611,-0.91,oceania
187612,-0.2,oceania
187701,0.14,oceania
187702,0.22,oceania
187703,0.19,oceania
187704,0.07,oceania
187705,-0.49,oceania
187706,-0.03,oceania
187707,0.25,oceania
187708,0.54,oceania
187709,-0.02,oceania
187710,-0.14,oceania
187711,0.65,oceania
187712,0.46,oceania
187801,0.47,oceania
187802,-0.35,oceania
187803,0.46,oceania
187804,0.79,oceania
187805,0.05,oceania
187806,-0.42,oceania
187807,1.14,oceania
187808,0.19,oceania
187809,1.03,oceania
187810,0.86,oceania
187811,-0.15,oceania
187812,0.05,oceania
187901,0.11,oceania
187902,-0.33,oceania
187903,-0.84,oceania
187904,-0.66,oceania
187905,-0.68,oceania
187906,-0.78,oceania
187907,-0.41,oceania
187908,-0.01,oceania
187909,-0.48,oceania
187910,-0.86,oceania
187911,-0.74,oceania
187912,0.33,oceania
188001,-0.62,oceania
188002,0.01,oceania
188003,0.63,oceania
188004,-0.21,oceania
188005,-0.39,oceania
188006,-0.94,oceania
188007,-1.0,oceania
188008,0.91,oceania
188009,-0.07,oceania
188010,-0.59,oceania
188011,0.21,oceania
188012,0.17,oceania
188101,0.04,oceania
188102,-0.77,oceania
188103,-0.32,oceania
188104,0.53,oceania
188105,0.73,oceania
188106,-1.03,oceania
188107,-0.57,oceania
188108,0.28,oceania
188109,-0.35,oceania
188110,-0.18,oceania
188111,-0.31,oceania
188112,0.24,oceania
188201,0.2,oceania
188202,0.0,oceania
188203,1.04,oceania
188204,-0.18,oceania
188205,-0.47,oceania
188206,-1.3,oceania
188207,-0.64,oceania
188208,0.06,oceania
188209,0.24,oceania
188210,0.17,oceania
188211,-0.36,oceania
188212,-0.66,oceania
188301,-0.01,oceania
188302,-0.37,oceania
188303,-0.48,oceania
188304,-0.76,oceania
188305,-0.66,oceania
188306,0.53,oceania
188307,-0.34,oceania
188308,-0.53,oceania
188309,-0.88,oceania
188310,-0.49,oceania
188311,-0.78,oceania
188312,-0.25,oceania
188401,-0.43,oceania
188402,-0.17,oceania
188403,-0.35,oceania
188404,0.13,oceania
188405,-0.71,oceania
188406,0.11,oceania
188407,-1.06,oceania
188408,0.37,oceania
188409,0.16,oceania
188410,-0.23,oceania
188411,-0.63,oceania
188412,-0.71,oceania
188501,-0.09,oceania
188502,-0.8,oceania
188503,-1.41,oceania
188504,-1.02,oceania
188505,0.16,oceania
188506,-0.98,oceania
188507,-0.67,oceania
188508,0.14,oceania
188509,0.07,oceania
188510,0.62,oceania
188511,-0.12,oceania
188512,0.51,oceania
188601,0.51,oceania
188602,-0.19,oceania
188603,-0.15,oceania
188604,-0.14,oceania
188605,0.0,oceania
188606,-0.52,oceania
188607,-0.03,oceania
188608,-0.1,oceania
188609,0.38,oceania
188610,-0.81,oceania
188611,-0.17,oceania
188612,-0.55,oceania
188701,0.62,oceania
188702,-0.91,oceania
188703,-0.17,oceania
188704,-0.64,oceania
188705,-0.82,oceania
188706,-1.09,oceania
188707,-0.65,oceania
188708,-0.39,oceania
188709,-0.46,oceania
188710,-0.42,oceania
188711,-0.7,oceania
188712,-0.45,oceania
188801,0.49,oceania
188802,-0.14,oceania
188803,-0.77,oceania
188804,0.65,oceania
188805,-0.37,oceania
188806,0.06,oceania
188807,-0.61,oceania
188808,-0.29,oceania
188809,-0.21,oceania
188810,0.14,oceania
188811,0.94,oceania
188812,0.9,oceania
188901,0.1,oceania
188902,0.6,oceania
188903,0.66,oceania
188904,0.15,oceania
188905,-0.14,oceania
188906,0.18,oceania
188907,-0.38,oceania
188908,-0.31,oceania
188909,-0.03,oceania
188910,0.69,oceania
188911,0.45,oceania
188912,0.45,oceania
189001,-0.18,oceania
189002,-0.3,oceania
189003,0.15,oceania
189004,-0.38,oceania
189005,-0.34,oceania
189006,-0.03,oceania
189007,-0.92,oceania
189008,-0.52,oceania
189009,-0.36,oceania
189010,-0.04,oceania
189011,-0.4,oceania
189012,-0.51,oceania
189101,-0.97,oceania
189102,-0.96,oceania
189103,-0.29,oceania
189104,-0.8,oceania
189105,0.0,oceania
189106,-1.03,oceania
189107,-1.46,oceania
189108,-1.18,oceania
189109,-0.93,oceania
189110,-0.28,oceania
189111,-0.28,oceania
189112,-0.14,oceania
189201,-0.16,oceania
189202,0.34,oceania
189203,0.26,oceania
189204,-0.77,oceania
189205,-0.78,oceania
189206,-0.63,oceania
189207,-0.46,oceania
189208,0.21,oceania
189209,-0.26,oceania
189210,-0.12,oceania
189211,0.18,oceania
189212,-0.16,oceania
189301,0.02,oceania
189302,0.04,oceania
189303,-0.17,oceania
189304,-0.12,oceania
189305,-0.09,oceania
189306,-0.65,oceania
189307,0.01,oceania
189308,0.06,oceania
189309,-0.02,oceania
189310,0.37,oceania
189311,-0.17,oceania
189312,-0.11,oceania
189401,-0.5,oceania
189402,-1.33,oceania
189403,-0.03,oceania
189404,-0.6,oceania
189405,-1.48,oceania
189406,-0.62,oceania
189407,-0.87,oceania
189408,-0.64,oceania
189409,-0.82,oceania
189410,-0.33,oceania
189411,-0.19,oceania
189412,-0.44,oceania
189501,-0.53,oceania
189502,-0.78,oceania
189503,-0.21,oceania
189504,-0.29,oceania
189505,-0.74,oceania
189506,-0.38,oceania
189507,-1.05,oceania
189508,-0.32,oceania
189509,-0.39,oceania
189510,0.43,oceania
189511,-0.27,oceania
189512,0.18,oceania
189601,0.48,oceania
189602,-0.21,oceania
189603,-0.19,oceania
189604,-0.23,oceania
189605,-0.77,oceania
189606,-1.06,oceania
189607,-1.14,oceania
189608,-0.98,oceania
189609,-1.02,oceania
189610,0.78,oceania
189611,0.03,oceania
189612,0.69,oceania
189701,-0.02,oceania
189702,0.1,oceania
189703,-0.42,oceania
189704,0.29,oceania
189705,-0.62,oceania
189706,0.64,oceania
189707,0.28,oceania
189708,-0.36,oceania
189709,-0.09,oceania
189710,0.23,oceania
189711,1.0,oceania
189712,0.11,oceania
189801,0.21,oceania
189802,-0.28,oceania
189803,-0.26,oceania
189804,-0.69,oceania
189805,-1.36,oceania
189806,-0.17,oceania
189807,-0.32,oceania
189808,0.25,oceania
189809,0.35,oceania
189810,0.06,oceania
189811,0.39,oceania
189812,0.23,oceania
189901,-1.11,oceania
189902,0.15,oceania
189903,-0.18,oceania
189904,-0.11,oceania
189905,-0.94,oceania
189906,-0.52,oceania
189907,-1.12,oceania
189908,-0.51,oceania
189909,0.26,oceania
189910,-0.56,oceania
189911,0.17,oceania
189912,0.42,oceania
190001,-0.09,oceania
190002,1.12,oceania
190003,-0.1,oceania
190004,-0.35,oceania
190005,-0.49,oceania
190006,0.19,oceania
190007,-0.72,oceania
190008,-0.01,oceania
190009,-0.45,oceania
190010,0.39,oceania
190011,0.85,oceania
190012,0.77,oceania
190101,0.11,oceania
190102,0.02,oceania
190103,-0.5,oceania
190104,-0.36,oceania
190105,-0.04,oceania
190106,-0.86,oceania
190107,-0.84,oceania
190108,-0.44,oceania
190109,0.39,oceania
190110,-0.45,oceania
190111,0.81,oceania
190112,0.71,oceania
190201,0.13,oceania
190202,0.11,oceania
190203,-0.05,oceania
190204,-0.07,oceania
190205,-0.48,oceania
190206,-0.52,oceania
190207,-0.4,oceania
190208,-0.43,oceania
190209,-0.28,oceania
190210,-0.08,oceania
190211,0.03,oceania
190212,-0.5,oceania
190301,-0.01,oceania
190302,-0.2,oceania
190303,-0.02,oceania
190304,-0.15,oceania
190305,-0.52,oceania
190306,-0.56,oceania
190307,-0.64,oceania
190308,-0.28,oceania
190309,-0.59,oceania
190310,-0.4,oceania
190311,-0.45,oceania
190312,-1.04,oceania
190401,-0.89,oceania
190402,-0.86,oceania
190403,-0.73,oceania
190404,-0.22,oceania
190405,-0.47,oceania
190406,-1.04,oceania
190407,-0.4,oceania
190408,-0.56,oceania
190409,-0.65,oceania
190410,-0.59,oceania
190411,0.0,oceania
190412,0.07,oceania
190501,-0.07,oceania
190502,-0.54,oceania
190503,-0.03,oceania
190504,0.09,oceania
190505,0.03,oceania
190506,-0.48,oceania
190507,-0.56,oceania
190508,-0.85,oceania
190509,-1.51,oceania
190510,-1.55,oceania
190511,-0.15,oceania
190512,0.4,oceania
190601,0.81,oceania
190602,0.64,oceania
190603,-0.76,oceania
190604,0.42,oceania
190605,0.27,oceania
190606,0.7,oceania
190607,0.41,oceania
190608,-0.15,oceania
190609,-0.33,oceania
190610,-0.13,oceania
190611,-0.88,oceania
190612,-0.43,oceania
190701,-0.46,oceania
190702,-0.21,oceania
190703,-0.81,oceania
190704,-0.58,oceania
190705,-0.22,oceania
190706,-0.24,oceania
190707,-0.18,oceania
190708,-0.03,oceania
190709,-0.08,oceania
190710,0.23,oceania
190711,-0.44,oceania
190712,-0.41,oceania
190801,0.21,oceania
190802,-0.45,oceania
190803,-0.92,oceania
190804,-0.32,oceania
190805,-0.51,oceania
190806,-1.52,oceania
190807,-0.78,oceania
190808,-0.84,oceania
190809,-1.25,oceania
190810,-0.93,oceania
190811,0.05,oceania
190812,0.04,oceania
190901,-0.6,oceania
190902,-0.53,oceania
190903,-0.23,oceania
190904,-0.98,oceania
190905,-0.6,oceania
190906,-0.13,oceania
190907,-0.87,oceania
190908,-0.14,oceania
190909,-0.43,oceania
190910,0.16,oceania
190911,-0.32,oceania
190912,-0.95,oceania
191001,-0.07,oceania
191002,-0.06,oceania
191003,-0.86,oceania
191004,0.05,oceania
191005,0.27,oceania
191006,-0.04,oceania
191007,0.04,oceania
191008,0.23,oceania
191009,0.46,oceania
191010,-0.9,oceania
191011,-0.64,oceania
191012,-0.73,oceania
191101,-0.33,oceania
191102,-0.84,oceania
191103,-0.45,oceania
191104,-0.43,oceania
191105,-0.46,oceania
191106,-0.9,oceania
191107,-0.31,oceania
191108,-0.19,oceania
191109,-0.33,oceania
191110,-0.18,oceania
191111,0.44,oceania
191112,-0.27,oceania
191201,0.5,oceania
191202,0.64,oceania
191203,0.37,oceania
191204,-0.52,oceania
191205,-0.15,oceania
191206,-0.4,oceania
191207,-0.16,oceania
191208,0.12,oceania
191209,0.0,oceania
191210,0.04,oceania
191211,-0.38,oceania
191212,0.11,oceania
191301,-0.44,oceania
191302,-0.15,oceania
191303,-0.71,oceania
191304,-0.07,oceania
191305,-1.46,oceania
191306,-1.16,oceania
191307,-0.12,oceania
191308,-0.26,oceania
191309,-0.67,oceania
191310,0.12,oceania
191311,-0.03,oceania
191312,0.25,oceania
191401,-0.08,oceania
191402,0.46,oceania
191403,0.55,oceania
191404,0.62,oceania
191405,0.13,oceania
191406,0.0,oceania
191407,-0.48,oceania
191408,0.48,oceania
191409,-0.03,oceania
191410,0.52,oceania
191411,0.9,oceania
191412,0.56,oceania
191501,-0.41,oceania
191502,0.74,oceania
191503,0.41,oceania
191504,0.24,oceania
191505,-0.42,oceania
191506,0.74,oceania
191507,0.86,oceania
191508,-0.01,oceania
191509,0.53,oceania
191510,-0.04,oceania
191511,0.39,oceania
191512,0.09,oceania
191601,0.16,oceania
191602,0.23,oceania
191603,0.09,oceania
191604,-0.81,oceania
191605,0.34,oceania
191606,0.45,oceania
191607,-0.26,oceania
191608,0.27,oceania
191609,0.23,oceania
191610,-0.62,oceania
191611,-1.3,oceania
191612,-0.78,oceania
191701,-0.63,oceania
191702,-1.63,oceania
191703,-0.73,oceania
191704,-0.82,oceania
191705,-1.18,oceania
191706,-0.81,oceania
191707,0.5,oceania
191708,-0.44,oceania
191709,-0.16,oceania
191710,-0.38,oceania
191711,-0.91,oceania
191712,-0.17,oceania
191801,-0.57,oceania
191802,-0.8,oceania
191803,-1.11,oceania
191804,-0.56,oceania
191805,-0.11,oceania
191806,0.18,oceania
191807,-0.86,oceania
191808,-0.21,oceania
191809,-0.21,oceania
191810,-0.16,oceania
191811,0.18,oceania
191812,0.2,oceania
191901,0.08,oceania
191902,-0.1,oceania
191903,-0.23,oceania
191904,0.44,oceania
191905,-0.01,oceania
191906,0.32,oceania
191907,-0.26,oceania
191908,-0.17,oceania
191909,-0.32,oceania
191910,-0.26,oceania
191911,0.29,oceania
191912,0.53,oceania
192001,-0.69,oceania
192002,-0.12,oceania
192003,-0.68,oceania
192004,-0.66,oceania
192005,-0.59,oceania
192006,0.05,oceania
192007,-0.07,oceania
192008,-0.2,oceania
192009,-0.18,oceania
192010,-0.09,oceania
192011,-0.02,oceania
192012,-0.54,oceania
192101,-0.3,oceania
192102,-0.07,oceania
192103,-0.66,oceania
192104,-0.33,oceania
192105,0.73,oceania
192106,0.56,oceania
192107,0.27,oceania
192108,-0.58,oceania
192109,-0.01,oceania
192110,-0.55,oceania
192111,0.41,oceania
192112,-0.07,oceania
192201,-0.26,oceania
192202,0.18,oceania
192203,-0.28,oceania
192204,0.65,oceania
192205,-0.39,oceania
192206,-0.32,oceania
192207,-1.04,oceania
192208,-0.71,oceania
192209,-0.18,oceania
192210,0.08,oceania
192211,0.39,oceania
192212,-0.41,oceania
192301,-0.28,oceania
192302,0.77,oceania
192303,0.49,oceania
192304,0.42,oceania
192305,0.37,oceania
192306,-0.4,oceania
192307,-0.53,oceania
192308,-0.91,oceania
192309,-0.81,oceania
192310,-0.59,oceania
192311,-0.47,oceania
192312,-0.01,oceania
192401,-0.67,oceania
192402,-0.55,oceania
192403,-0.45,oceania
192404,-1.19,oceania
192405,0.13,oceania
192406,-0.32,oceania
192407,0.33,oceania
192408,-0.08,oceania
192409,0.19,oceania
192410,-0.37,oceania
192411,-0.58,oceania
192412,-0.77,oceania
192501,-1.07,oceania
192502,-0.41,oceania
192503,-0.36,oceania
192504,-0.32,oceania
192505,-0.29,oceania
192506,-0.31,oceania
192507,-0.82,oceania
192508,-0.81,oceania
192509,-1.31,oceania
192510,-0.53,oceania
192511,0.18,oceania
192512,0.44,oceania
192601,-0.36,oceania
192602,0.89,oceania
192603,-0.02,oceania
192604,0.21,oceania
192605,-1.0,oceania
192606,-0.48,oceania
192607,0.3,oceania
192608,0.05,oceania
192609,0.0,oceania
192610,0.32,oceania
192611,0.27,oceania
192612,-0.51,oceania
192701,-0.16,oceania
192702,-0.58,oceania
192703,0.0,oceania
192704,-0.74,oceania
192705,-0.72,oceania
192706,0.1,oceania
192707,-0.37,oceania
192708,-0.09,oceania
192709,0.01,oceania
192710,0.11,oceania
192711,0.27,oceania
192712,-0.33,oceania
192801,-0.34,oceania
192802,-0.25,oceania
192803,0.2,oceania
192804,0.7,oceania
192805,-0.48,oceania
192806,-0.57,oceania
192807,-0.02,oceania
192808,0.83,oceania
192809,0.8,oceania
192810,0.13,oceania
192811,0.42,oceania
192812,0.4,oceania
192901,0.05,oceania
192902,0.54,oceania
192903,-0.61,oceania
192904,-0.94,oceania
192905,-0.74,oceania
192906,-0.7,oceania
192907,-1.19,oceania
192908,-0.16,oceania
192909,-0.71,oceania
192910,-0.29,oceania
192911,0.09,oceania
192912,-0.57,oceania
193001,-0.23,oceania
193002,0.19,oceania
193003,-0.21,oceania
193004,-0.28,oceania
193005,-0.15,oceania
193006,-0.01,oceania
193007,0.43,oceania
193008,-0.15,oceania
193009,-0.18,oceania
193010,-0.11,oceania
193011,0.1,oceania
193012,-0.42,oceania
193101,-0.43,oceania
193102,0.13,oceania
193103,-0.18,oceania
193104,-0.45,oceania
193105,-0.09,oceania
193106,0.07,oceania
193107,0.0,oceania
193108,-0.15,oceania
193109,-0.02,oceania
193110,-0.92,oceania
193111,-0.92,oceania
193112,0.0,oceania
193201,0.83,oceania
193202,-0.23,oceania
193203,-0.01,oceania
193204,-0.55,oceania
193205,0.12,oceania
193206,-0.48,oceania
193207,-0.61,oceania
193208,-0.32,oceania
193209,-0.37,oceania
193210,-0.48,oceania
193211,-0.06,oceania
193212,-0.21,oceania
193301,-0.13,oceania
193302,0.04,oceania
193303,0.39,oceania
193304,-0.1,oceania
193305,-0.06,oceania
193306,0.06,oceania
193307,-0.31,oceania
193308,-0.74,oceania
193309,-0.39,oceania
193310,-0.14,oceania
193311,-0.71,oceania
193312,-0.63,oceania
193401,0.11,oceania
193402,0.08,oceania
193403,0.14,oceania
193404,-0.36,oceania
193405,0.09,oceania
193406,-0.25,oceania
193407,-0.17,oceania
193408,-0.29,oceania
193409,0.14,oceania
193410,-0.43,oceania
193411,-0.52,oceania
193412,-0.18,oceania
193501,-0.11,oceania
193502,0.05,oceania
193503,-0.07,oceania
193504,-0.64,oceania
193505,-0.62,oceania
193506,-0.81,oceania
193507,-0.27,oceania
193508,0.14,oceania
193509,-0.25,oceania
193510,-0.05,oceania
193511,0.23,oceania
193512,0.06,oceania
193601,0.26,oceania
193602,0.11,oceania
193603,-0.18,oceania
193604,-0.55,oceania
193605,-0.21,oceania
193606,-0.77,oceania
193607,0.17,oceania
193608,0.83,oceania
193609,-0.19,oceania
193610,0.15,oceania
193611,0.1,oceania
193612,-0.01,oceania
193701,-0.7,oceania
193702,-0.13,oceania
193703,-0.07,oceania
193704,-0.73,oceania
193705,0.16,oceania
193706,-0.44,oceania
193707,-0.45,oceania
193708,-0.01,oceania
193709,-0.13,oceania
193710,0.45,oceania
193711,0.53,oceania
193712,0.25,oceania
193801,-0.2,oceania
193802,-0.39,oceania
193803,0.63,oceania
193804,0.39,oceania
193805,0.77,oceania
193806,0.06,oceania
193807,-0.15,oceania
193808,-0.3,oceania
193809,0.22,oceania
193810,0.57,oceania
193811,0.57,oceania
193812,0.67,oceania
193901,0.46,oceania
193902,-0.28,oceania
193903,-0.36,oceania
193904,0.01,oceania
193905,0.45,oceania
193906,-0.21,oceania
193907,-0.62,oceania
193908,-0.69,oceania
193909,-0.63,oceania
193910,-0.68,oceania
193911,-0.68,oceania
193912,-0.26,oceania
194001,-0.04,oceania
194002,-0.5,oceania
194003,0.41,oceania
194004,-0.44,oceania
194005,-0.84,oceania
194006,0.04,oceania
194007,-0.18,oceania
194008,0.04,oceania
194009,0.15,oceania
194010,0.73,oceania
194011,-0.37,oceania
194012,0.5,oceania
194101,-0.97,oceania
194102,-0.06,oceania
194103,-0.7,oceania
194104,0.38,oceania
194105,-0.02,oceania
194106,-0.18,oceania
194107,0.23,oceania
194108,-0.48,oceania
194109,-0.01,oceania
194110,-0.29,oceania
194111,0.19,oceania
194112,0.2,oceania
194201,0.05,oceania
194202,-0.57,oceania
194203,0.22,oceania
194204,0.03,oceania
194205,0.91,oceania
194206,0.64,oceania
194207,0.19,oceania
194208,0.72,oceania
194209,0.43,oceania
194210,-0.05,oceania
194211,-0.19,oceania
194212,-0.18,oceania
194301,-0.15,oceania
194302,-0.37,oceania
194303,0.54,oceania
194304,-0.11,oceania
194305,-0.54,oceania
194306,-0.76,oceania
194307,-0.17,oceania
194308,-0.56,oceania
194309,-0.09,oceania
194310,0.12,oceania
194311,-0.56,oceania
194312,0.04,oceania
194401,0.3,oceania
194402,-0.51,oceania
194403,-0.2,oceania
194404,-0.65,oceania
194405,-0.92,oceania
194406,-0.21,oceania
194407,-0.09,oceania
194408,0.13,oceania
194409,0.77,oceania
194410,0.09,oceania
194411,0.71,oceania
194412,-0.18,oceania
194501,-0.13,oceania
194502,-0.21,oceania
194503,-0.18,oceania
194504,0.02,oceania
194505,-0.1,oceania
194506,0.76,oceania
194507,-0.31,oceania
194508,0.93,oceania
194509,-0.07,oceania
194510,-0.7,oceania
194511,-0.38,oceania
194512,0.17,oceania
194601,0.06,oceania
194602,-0.64,oceania
194603,-0.71,oceania
194604,-0.93,oceania
194605,0.36,oceania
194606,-0.97,oceania
194607,0.16,oceania
194608,-0.06,oceania
194609,-0.28,oceania
194610,-0.65,oceania
194611,-0.05,oceania
194612,0.04,oceania
194701,0.68,oceania
194702,0.09,oceania
194703,-0.15,oceania
194704,-0.63,oceania
194705,0.23,oceania
194706,0.42,oceania
194707,0.35,oceania
194708,-0.01,oceania
194709,-0.46,oceania
194710,-0.77,oceania
194711,-0.54,oceania
194712,-0.66,oceania
194801,-0.64,oceania
194802,0.15,oceania
194803,-0.57,oceania
194804,-0.46,oceania
194805,-0.4,oceania
194806,-0.38,oceania
194807,-0.09,oceania
194808,0.08,oceania
194809,-0.24,oceania
194810,0.02,oceania
194811,-0.29,oceania
194812,-0.04,oceania
194901,-0.56,oceania
194902,-1.05,oceania
194903,-0.63,oceania
194904,-0.95,oceania
194905,-0.65,oceania
194906,-1.11,oceania
194907,0.01,oceania
194908,0.06,oceania
194909,-0.45,oceania
194910,-0.15,oceania
194911,-0.64,oceania
194912,-0.02,oceania
195001,-0.14,oceania
195002,-0.51,oceania
195003,-0.49,oceania
195004,-0.29,oceania
195005,0.39,oceania
195006,-0.47,oceania
195007,0.01,oceania
195008,-0.26,oceania
195009,0.16,oceania
195010,-0.69,oceania
195011,-0.47,oceania
195012,-0.41,oceania
195101,-0.39,oceania
195102,-0.22,oceania
195103,0.6,oceania
195104,-0.59,oceania
195105,-0.75,oceania
195106,0.18,oceania
195107,-0.16,oceania
195108,-0.79,oceania
195109,0.21,oceania
195110,-0.15,oceania
195111,0.31,oceania
195112,-0.02,oceania
195201,0.23,oceania
195202,0.09,oceania
195203,0.13,oceania
195204,-0.22,oceania
195205,-0.16,oceania
195206,-0.13,oceania
195207,-0.27,oceania
195208,-0.3,oceania
195209,-0.04,oceania
195210,-0.21,oceania
195211,-0.53,oceania
195212,-0.18,oceania
195301,-0.59,oceania
195302,-1.11,oceania
195303,0.66,oceania
195304,0.75,oceania
195305,-0.4,oceania
195306,0.11,oceania
195307,-0.05,oceania
195308,-0.76,oceania
195309,-0.35,oceania
195310,0.04,oceania
195311,-0.17,oceania
195312,0.33,oceania
195401,-0.26,oceania
195402,-0.55,oceania
195403,0.34,oceania
195404,0.02,oceania
195405,-0.12,oceania
195406,-0.35,oceania
195407,0.23,oceania
195408,0.15,oceania
195409,-0.09,oceania
195410,-0.11,oceania
195411,-0.19,oceania
195412,-0.15,oceania
195501,-0.08,oceania
195502,0.22,oceania
195503,-0.13,oceania
195504,-0.15,oceania
195505,-0.62,oceania
195506,0.18,oceania
195507,-0.23,oceania
195508,0.52,oceania
195509,0.36,oceania
195510,-0.06,oceania
195511,-0.79,oceania
195512,-0.54,oceania
195601,-0.3,oceania
195602,0.25,oceania
195603,-0.28,oceania
195604,-0.15,oceania
195605,-0.35,oceania
195606,-0.65,oceania
195607,0.06,oceania
195608,-0.84,oceania
195609,-0.96,oceania
195610,-0.73,oceania
195611,-0.66,oceania
195612,-0.42,oceania
195701,0.01,oceania
195702,-0.13,oceania
195703,-0.18,oceania
195704,0.72,oceania
195705,0.01,oceania
195706,1.22,oceania
195707,-0.87,oceania
195708,-0.07,oceania
195709,-0.3,oceania
195710,0.46,oceania
195711,0.46,oceania
195712,0.31,oceania
195801,0.03,oceania
195802,0.41,oceania
195803,0.46,oceania
195804,0.88,oceania
195805,1.49,oceania
195806,0.32,oceania
195807,0.45,oceania
195808,0.32,oceania
195809,-0.87,oceania
195810,-0.2,oceania
195811,0.06,oceania
195812,-0.17,oceania
195901,0.31,oceania
195902,0.18,oceania
195903,0.55,oceania
195904,0.48,oceania
195905,0.01,oceania
195906,0.3,oceania
195907,0.32,oceania
195908,0.38,oceania
195909,0.27,oceania
195910,0.15,oceania
195911,0.9,oceania
195912,-0.36,oceania
196001,0.4,oceania
196002,-0.15,oceania
196003,0.02,oceania
196004,0.02,oceania
196005,-1.22,oceania
196006,-0.48,oceania
196007,0.22,oceania
196008,-0.74,oceania
196009,-0.32,oceania
196010,0.25,oceania
196011,-0.5,oceania
196012,-0.06,oceania
196101,0.09,oceania
196102,0.09,oceania
196103,0.4,oceania
196104,0.71,oceania
196105,-0.14,oceania
196106,-0.02,oceania
196107,-0.49,oceania
196108,-0.54,oceania
196109,0.48,oceania
196110,0.76,oceania
196111,0.12,oceania
196112,0.48,oceania
196201,-0.05,oceania
196202,0.04,oceania
196203,-0.14,oceania
196204,-0.09,oceania
196205,-0.42,oceania
196206,1.07,oceania
196207,0.37,oceania
196208,-0.23,oceania
196209,-0.11,oceania
196210,0.01,oceania
196211,0.48,oceania
196212,0.03,oceania
196301,-0.41,oceania
196302,0.0,oceania
196303,0.36,oceania
196304,-0.32,oceania
196305,0.32,oceania
196306,-0.07,oceania
196307,-0.12,oceania
196308,-0.08,oceania
196309,0.02,oceania
196310,0.13,oceania
196311,-0.06,oceania
196312,0.3,oceania
196401,-0.02,oceania
196402,-0.25,oceania
196403,0.27,oceania
196404,0.33,oceania
196405,-0.04,oceania
196406,0.37,oceania
196407,0.68,oceania
196408,0.19,oceania
196409,0.41,oceania
196410,-0.83,oceania
196411,-0.35,oceania
196412,-0.74,oceania
196501,-0.03,oceania
196502,0.88,oceania
196503,-0.12,oceania
196504,-0.25,oceania
196505,0.4,oceania
196506,0.29,oceania
196507,-0.65,oceania
196508,0.17,oceania
196509,0.55,oceania
196510,0.5,oceania
196511,0.13,oceania
196512,0.28,oceania
196601,-0.16,oceania
196602,0.0,oceania
196603,0.13,oceania
196604,0.43,oceania
196605,-0.55,oceania
196606,0.26,oceania
196607,-0.22,oceania
196608,-0.61,oceania
196609,-0.26,oceania
196610,-0.74,oceania
196611,-0.15,oceania
196612,-0.62,oceania
196701,0.12,oceania
196702,-0.56,oceania
196703,-1.02,oceania
196704,0.37,oceania
196705,0.27,oceania
196706,0.03,oceania
196707,-0.44,oceania
196708,-0.5,oceania
196709,-0.23,oceania
196710,1.14,oceania
196711,0.23,oceania
196712,-0.28,oceania
196801,0.24,oceania
196802,0.12,oceania
196803,0.18,oceania
196804,0.55,oceania
196805,-0.81,oceania
196806,0.44,oceania
196807,-0.45,oceania
196808,-0.65,oceania
196809,-0.37,oceania
196810,-0.04,oceania
196811,-0.07,oceania
196812,-0.4,oceania
196901,0.83,oceania
196902,0.1,oceania
196903,0.03,oceania
196904,0.07,oceania
196905,0.27,oceania
196906,-0.11,oceania
196907,0.58,oceania
196908,0.4,oceania
196909,-0.9,oceania
196910,0.69,oceania
196911,0.18,oceania
196912,-0.06,oceania
197001,0.3,oceania
197002,0.64,oceania
197003,0.19,oceania
197004,0.21,oceania
197005,-0.16,oceania
197006,0.82,oceania
197007,-0.05,oceania
197008,-0.19,oceania
197009,-0.32,oceania
197010,0.55,oceania
197011,-0.13,oceania
197012,0.14,oceania
197101,0.6,oceania
197102,0.4,oceania
197103,0.38,oceania
197104,-0.2,oceania
197105,-0.22,oceania
197106,-0.47,oceania
197107,-0.17,oceania
197108,0.33,oceania
197109,0.4,oceania
197110,0.43,oceania
197111,-0.64,oceania
197112,-0.23,oceania
197201,-0.43,oceania
197202,-0.03,oceania
197203,-0.26,oceania
197204,-0.18,oceania
197205,0.11,oceania
197206,0.41,oceania
197207,-0.09,oceania
197208,0.52,oceania
197209,0.55,oceania
197210,0.42,oceania
197211,0.47,oceania
197212,1.21,oceania
197301,0.79,oceania
197302,0.23,oceania
197303,0.45,oceania
197304,0.94,oceania
197305,0.97,oceania
197306,0.79,oceania
197307,1.46,oceania
197308,0.73,oceania
197309,0.19,oceania
197310,0.43,oceania
197311,0.01,oceania
197312,0.01,oceania
197401,-0.63,oceania
197402,-0.76,oceania
197403,0.05,oceania
197404,-0.24,oceania
197405,-0.08,oceania
197406,-0.32,oceania
197407,0.41,oceania
197408,0.27,oceania
197409,-0.29,oceania
197410,-0.29,oceania
197411,-0.73,oceania
197412,-0.11,oceania
197501,-0.28,oceania
197502,-0.16,oceania
197503,-0.12,oceania
197504,-0.01,oceania
197505,0.4,oceania
197506,0.06,oceania
197507,1.26,oceania
197508,0.11,oceania
197509,0.69,oceania
197510,-0.73,oceania
197511,-0.01,oceania
197512,-0.2,oceania
197601,-0.96,oceania
197602,-0.42,oceania
197603,-0.21,oceania
197604,-0.18,oceania
197605,-0.37,oceania
197606,-0.26,oceania
197607,0.12,oceania
197608,-0.26,oceania
197609,-0.35,oceania
197610,-0.67,oceania
197611,-0.47,oceania
197612,0.5,oceania
197701,0.22,oceania
197702,0.54,oceania
197703,-0.15,oceania
197704,-0.07,oceania
197705,-0.01,oceania
197706,-0.17,oceania
197707,-0.16,oceania
197708,0.59,oceania
197709,-0.4,oceania
197710,0.6,oceania
197711,0.38,oceania
197712,0.37,oceania
197801,0.19,oceania
197802,0.46,oceania
197803,0.73,oceania
197804,0.3,oceania
197805,0.59,oceania
197806,0.11,oceania
197807,-0.01,oceania
197808,-0.12,oceania
197809,-0.75,oceania
197810,-0.25,oceania
197811,-0.25,oceania
197812,-0.25,oceania
197901,0.92,oceania
197902,0.09,oceania
197903,0.51,oceania
197904,0.43,oceania
197905,-0.36,oceania
197906,0.75,oceania
197907,0.14,oceania
197908,0.3,oceania
197909,0.25,oceania
197910,0.2,oceania
197911,0.9,oceania
197912,0.92,oceania
198001,0.36,oceania
198002,0.23,oceania
198003,0.79,oceania
198004,0.62,oceania
198005,0.99,oceania
198006,0.59,oceania
198007,0.3,oceania
198008,0.64,oceania
198009,0.97,oceania
198010,0.44,oceania
198011,0.92,oceania
198012,0.62,oceania
198101,0.48,oceania
198102,0.12,oceania
198103,-0.31,oceania
198104,1.24,oceania
198105,0.44,oceania
198106,0.16,oceania
198107,0.62,oceania
198108,0.57,oceania
198109,0.98,oceania
198110,0.33,oceania
198111,-0.37,oceania
198112,0.44,oceania
198201,0.63,oceania
198202,0.16,oceania
198203,-0.3,oceania
198204,0.2,oceania
198205,0.11,oceania
198206,-0.59,oceania
198207,-0.43,oceania
198208,0.87,oceania
198209,0.0,oceania
198210,-0.27,oceania
198211,0.84,oceania
198212,0.77,oceania
198301,0.2,oceania
198302,1.44,oceania
198303,0.54,oceania
198304,-0.42,oceania
198305,0.46,oceania
198306,0.36,oceania
198307,-0.29,oceania
198308,0.67,oceania
198309,1.21,oceania
198310,0.74,oceania
198311,0.32,oceania
198312,0.15,oceania
198401,-0.77,oceania
198402,-0.03,oceania
198403,-0.54,oceania
198404,0.17,oceania
198405,0.55,oceania
198406,0.2,oceania
198407,-0.23,oceania
198408,0.2,oceania
198409,-0.67,oceania
198410,0.15,oceania
198411,0.41,oceania
198412,0.22,oceania
198501,0.7,oceania
198502,0.81,oceania
198503,0.86,oceania
198504,0.3,oceania
198505,0.46,oceania
198506,-0.26,oceania
198507,0.24,oceania
198508,0.69,oceania
198509,-0.12,oceania
198510,-0.05,oceania
198511,0.28,oceania
198512,0.28,oceania
198601,0.15,oceania
198602,0.55,oceania
198603,1.13,oceania
198604,0.55,oceania
198605,0.87,oceania
198606,0.59,oceania
198607,0.13,oceania
198608,-0.24,oceania
198609,0.43,oceania
198610,-0.21,oceania
198611,0.03,oceania
198612,0.26,oceania
198701,0.2,oceania
198702,-0.19,oceania
198703,-0.27,oceania
198704,0.84,oceania
198705,0.16,oceania
198706,0.85,oceania
198707,0.28,oceania
198708,0.1,oceania
198709,0.31,oceania
198710,0.78,oceania
198711,0.52,oceania
198712,0.22,oceania
198801,1.0,oceania
198802,0.21,oceania
198803,0.79,oceania
198804,0.7,oceania
198805,1.06,oceania
198806,0.9,oceania
198807,0.94,oceania
198808,0.68,oceania
198809,0.99,oceania
198810,1.72,oceania
198811,0.02,oceania
198812,-0.05,oceania
198901,0.13,oceania
198902,0.53,oceania
198903,0.08,oceania
198904,0.4,oceania
198905,0.82,oceania
198906,-0.21,oceania
198907,0.1,oceania
198908,-0.46,oceania
198909,0.49,oceania
198910,0.65,oceania
198911,-0.02,oceania
198912,0.39,oceania
199001,0.61,oceania
199002,-0.08,oceania
199003,0.94,oceania
199004,0.41,oceania
199005,0.87,oceania
199006,0.03,oceania
199007,0.69,oceania
199008,0.15,oceania
199009,0.09,oceania
199010,0.54,oceania
199011,1.23,oceania
199012,0.88,oceania
199101,0.43,oceania
199102,0.61,oceania
199103,0.45,oceania
199104,0.48,oceania
199105,0.49,oceania
199106,1.36,oceania
199107,0.6,oceania
199108,0.37,oceania
199109,0.51,oceania
199110,1.07,oceania
199111,0.19,oceania
199112,0.01,oceania
199201,-0.03,oceania
199202,0.42,oceania
199203,0.94,oceania
199204,0.8,oceania
199205,0.52,oceania
199206,0.48,oceania
199207,0.59,oceania
199208,0.33,oceania
199209,0.12,oceania
199210,-0.18,oceania
199211,-0.58,oceania
199212,-0.21,oceania
199301,0.45,oceania
199302,-0.16,oceania
199303,0.38,oceania
199304,0.97,oceania
199305,0.67,oceania
199306,0.25,oceania
199307,0.82,oceania
199308,0.59,oceania
199309,0.16,oceania
199310,-0.15,oceania
199311,0.55,oceania
199312,-0.23,oceania
199401,0.73,oceania
199402,0.18,oceania
199403,-0.34,oceania
199404,0.1,oceania
199405,0.41,oceania
199406,0.23,oceania
199407,0.35,oceania
199408,-0.14,oceania
199409,0.23,oceania
199410,0.52,oceania
199411,0.35,oceania
199412,0.7,oceania
199501,0.38,oceania
199502,-0.1,oceania
199503,-0.16,oceania
199504,-0.07,oceania
199505,0.12,oceania
199506,0.56,oceania
199507,0.62,oceania
199508,0.89,oceania
199509,0.95,oceania
199510,0.17,oceania
199511,0.5,oceania
199512,0.03,oceania
199601,0.33,oceania
199602,0.35,oceania
199603,0.36,oceania
199604,0.29,oceania
199605,0.45,oceania
199606,1.72,oceania
199607,0.95,oceania
199608,0.74,oceania
199609,0.71,oceania
199610,0.74,oceania
199611,0.31,oceania
199612,0.36,oceania
199701,-0.07,oceania
199702,0.6,oceania
199703,-0.07,oceania
199704,0.34,oceania
199705,0.32,oceania
199706,0.33,oceania
199707,-0.08,oceania
199708,0.18,oceania
199709,0.99,oceania
199710,0.69,oceania
199711,0.72,oceania
199712,0.82,oceania
199801,0.94,oceania
199802,1.21,oceania
199803,1.25,oceania
199804,0.8,oceania
199805,1.29,oceania
199806,0.94,oceania
199807,0.76,oceania
199808,1.41,oceania
199809,1.2,oceania
199810,1.0,oceania
199811,0.42,oceania
199812,0.33,oceania
199901,1.06,oceania
199902,0.29,oceania
199903,0.84,oceania
199904,-0.07,oceania
199905,0.94,oceania
199906,0.66,oceania
199907,0.72,oceania
199908,0.73,oceania
199909,1.06,oceania
199910,0.72,oceania
199911,-0.64,oceania
199912,-0.35,oceania
200001,-0.29,oceania
200002,0.2,oceania
200003,0.23,oceania
200004,0.29,oceania
200005,-0.39,oceania
200006,-0.15,oceania
200007,0.75,oceania
200008,0.34,oceania
200009,1.26,oceania
200010,0.23,oceania
200011,0.48,oceania
200012,0.23,oceania
200101,1.01,oceania
200102,0.48,oceania
200103,-0.22,oceania
200104,0.46,oceania
200105,0.17,oceania
200106,0.85,oceania
200107,0.62,oceania
200108,0.32,oceania
200109,0.81,oceania
200110,-0.24,oceania
200111,-0.08,oceania
200112,-0.16,oceania
200201,0.26,oceania
200202,-0.23,oceania
200203,0.48,oceania
200204,1.52,oceania
200205,1.27,oceania
200206,0.55,oceania
200207,0.57,oceania
200208,0.43,oceania
200209,0.91,oceania
200210,0.9,oceania
200211,1.22,oceania
200212,0.94,oceania
200301,0.8,oceania
200302,0.91,oceania
200303,0.12,oceania
200304,0.94,oceania
200305,1.0,oceania
200306,0.88,oceania
200307,0.86,oceania
200308,0.66,oceania
200309,1.02,oceania
200310,0.09,oceania
200311,0.64,oceania
200312,0.78,oceania
200401,0.66,oceania
200402,0.69,oceania
200403,0.52,oceania
200404,0.96,oceania
200405,0.35,oceania
200406,0.72,oceania
200407,0.49,oceania
200408,0.16,oceania
200409,0.01,oceania
200410,1.31,oceania
200411,0.44,oceania
200412,0.53,oceania
200501,0.65,oceania
200502,0.79,oceania
200503,1.04,oceania
200504,1.96,oceania
200505,1.11,oceania
200506,0.97,oceania
200507,1.06,oceania
200508,0.56,oceania
200509,1.09,oceania
200510,1.11,oceania
200511,0.84,oceania
200512,0.8,oceania
200601,1.04,oceania
200602,0.7,oceania
200603,0.67,oceania
200604,0.08,oceania
200605,-0.21,oceania
200606,-0.18,oceania
200607,0.35,oceania
200608,0.86,oceania
200609,0.97,oceania
200610,1.16,oceania
200611,1.29,oceania
200612,0.46,oceania
200701,0.32,oceania
200702,1.38,oceania
200703,0.62,oceania
200704,0.9,oceania
200705,1.45,oceania
200706,-0.43,oceania
200707,0.57,oceania
200708,0.8,oceania
200709,1.03,oceania
200710,1.08,oceania
200711,0.62,oceania
200712,0.36,oceania
200801,1.11,oceania
200802,0.03,oceania
200803,0.6,oceania
200804,0.11,oceania
200805,0.5,oceania
200806,0.94,oceania
200807,0.52,oceania
200808,-0.24,oceania
200809,1.07,oceania
200810,1.35,oceania
200811,0.34,oceania
200812,0.35,oceania
200901,0.63,oceania
200902,0.63,oceania
200903,0.73,oceania
200904,0.74,oceania
200905,0.33,oceania
200906,0.81,oceania
200907,0.89,oceania
200908,1.94,oceania
200909,1.09,oceania
200910,0.6,oceania
200911,1.43,oceania
200912,0.81,oceania
201001,0.72,oceania
201002,0.91,oceania
201003,0.62,oceania
201004,1.4,oceania
201005,0.81,oceania
201006,0.79,oceania
201007,1.07,oceania
201008,0.46,oceania
201009,0.45,oceania
201010,0.19,oceania
201011,-0.02,oceania
201012,0.09,oceania
201101,0.86,oceania
201102,0.21,oceania
201103,-0.22,oceania
201104,0.01,oceania
201105,-0.45,oceania
201106,0.01,oceania
201107,0.68,oceania
201108,0.91,oceania
201109,0.35,oceania
201110,0.64,oceania
201111,0.41,oceania
201112,0.07,oceania
201201,0.33,oceania
201202,0.13,oceania
201203,-0.29,oceania
201204,0.48,oceania
201205,0.1,oceania
201206,0.0,oceania
201207,0.05,oceania
201208,0.49,oceania
201209,0.91,oceania
201210,0.87,oceania
201211,1.12,oceania
201212,1.1,oceania
201301,1.49,oceania
201302,0.85,oceania
201303,0.94,oceania
201304,1.14,oceania
201305,1.18,oceania
201306,0.98,oceania
201307,1.38,oceania
201308,1.33,oceania
201309,1.97,oceania
201310,1.31,oceania
201311,0.8,oceania
201312,0.73,oceania
201401,0.91,oceania
201402,0.29,oceania
201403,0.91,oceania
201404,1.16,oceania
201405,1.51,oceania
201406,0.74,oceania
201407,0.55,oceania
201408,0.39,oceania
201409,1.1,oceania
201410,1.59,oceania
201411,1.43,oceania
201412,0.99,oceania
201501,0.36,oceania
201502,1.45,oceania
201503,0.94,oceania
201504,0.1,oceania
201505,0.42,oceania
201506,1.3,oceania
201507,0.68,oceania
201508,0.78,oceania
201509,0.48,oceania
201510,2.08,oceania
201511,1.48,oceania
201512,1.07,oceania
201601,0.82,oceania
201602,1.18,oceania
201603,1.62,oceania
201604,1.88,oceania
201605,1.77,oceania
201606,1.35,oceania
201607,1.15,oceania
201608,0.78,oceania
201609,0.46,oceania
201610,0.22,oceania
201611,0.78,oceania
201612,0.77,oceania
201701,0.83,oceania
201702,0.67,oceania
201703,1.42,oceania
201704,0.42,oceania
201705,0.87,oceania
201706,0.74,oceania
201707,1.45,oceania
201708,1.08,oceania
201709,1.12,oceania
201710,1.35,oceania
201711,0.83,oceania
201712,1.09,oceania
201801,1.18,oceania
201802,0.82,oceania
201803,1.05,oceania
201804,1.87,oceania
201805,0.57,oceania
201806,0.56,oceania
201807,1.07,oceania
201808,0.27,oceania
201809,0.62,oceania
201810,1.46,oceania
201811,0.76,oceania
201812,1.56,oceania
201901,2.05,oceania
201902,1.09,oceania
201903,1.6,oceania
201904,1.22,oceania
201905,0.77,oceania
201906,0.55,oceania
201907,1.29,oceania
201908,0.36,oceania
201909,0.83,oceania
201910,1.58,oceania
201911,0.91,oceania
201912,2.23,oceania
202001,1.15,oceania
202002,1.04,oceania
202003,0.78,oceania
202004,1.47,oceania
202005,0.11,oceania
202006,1.05,oceania
202007,1.01,oceania
202008,1.25,oceania
202009,1.87,oceania
202010,0.94,oceania
202011,1.76,oceania
202012,0.35,oceania
202101,0.57,oceania
202102,0.18,oceania
202103,0.45,oceania
202104,0.5,oceania
202105,0.68,oceania
202106,0.58,oceania
202107,1.41,oceania
202108,1.19,oceania
202109,0.93,oceania
202110,0.94,oceania
202111,-0.01,oceania
202112,1.07,oceania
202201,1.06,oceania
202202,0.51,oceania
202203,1.46,oceania
202204,1.39,oceania
202205,1.02,oceania
202206,0.91,oceania
202207,0.42,oceania
202208,0.89,oceania
202209,0.75,oceania
202210,0.64,oceania
202211,-0.29,oceania
202212,0.23,oceania
202301,0.35,oceania
202302,0.62,oceania
202303,1.05,oceania
202304,0.5,oceania
202305,-0.18,oceania
202306,1.05,oceania
202307,1.09,oceania
202308,1.77,oceania
202309,1.74,oceania
202310,1.06,oceania
202311,1.28,oceania
202312,1.38,oceania
202401,1.45,oceania
202402,1.53,oceania
202403,1.01,oceania
202404,0.22,oceania
202405,1.18,oceania
202406,0.97,oceania
202407,0.91,oceania
202408,2.22,oceania
202409,1.49,oceania
202410,1.97,oceania
202411,1.46,oceania
202412,1.48,oceania
202501,1.72,oceania
202502,1.45,oceania
202503,1.9,oceania
202504,0.99,oceania
202505,0.9,oceania
202506,0.6,oceania
202507,0.74,oceania
202508,0.76,oceania
202509,1.06,oceania
202510,1.97,oceania
202511,0.81,oceania
202512,1.06,oceania
202601,1.49,oceania
